page,type,keyword,source
"/fontanero","hub/service keywords","fontanero urgente","data/services.ts"
"/fontanero","hub/service keywords","fontanero 24 horas","data/services.ts"
"/fontanero","hub/service keywords","servicio de fontanería","data/services.ts"
"/fontanero","hub/service keywords","fontanero profesional","data/services.ts"
"/fontanero","hub/service keywords","reparación de fugas","data/services.ts"
"/fontanero","hub/service keywords","instalación fontanería","data/services.ts"
"/fontanero","hub/service keywords","instalación de grifos","data/services.ts"
"/fontanero","hub/service keywords","instalación de sanitarios","data/services.ts"
"/fontanero","hub/service keywords","reparación fontanería","data/services.ts"
"/fontanero","hub/service keywords","fontanería urgente","data/services.ts"
"/fontanero","hub/service keywords","averías fontanería","data/services.ts"
"/fontanero","hub/service keywords","reparación de cisterna","data/services.ts"
"/fontanero","hub/service keywords","reparación calentador","data/services.ts"
"/fontanero","hub/seo phrases","fontanero 24 horas","data/fontanero/hub-page-content.ts"
"/fontanero","hub/seo phrases","fontaneros profesionales","data/fontanero/hub-page-content.ts"
"/fontanero","hub/seo phrases","fontanero urgente","data/fontanero/hub-page-content.ts"
"/fontanero","hub/seo phrases","fontanero cerca de mi","data/fontanero/hub-page-content.ts"
"/fontanero","hub/seo phrases","fontanero de urgencia","data/fontanero/hub-page-content.ts"
"/fontanero","hub/seo phrases","precio hora fontanero","data/fontanero/hub-page-content.ts"
"/fontanero","hub/faq topics","¿Cuánto cobra un fontanero?","data/fontanero/hub-page-content.ts"
"/fontanero","hub/faq topics","¿Cuánto cobra un fontanero por hora?","data/fontanero/hub-page-content.ts"
"/fontanero","hub/faq topics","¿Cuánto cuesta un fontanero urgente 24 horas?","data/fontanero/hub-page-content.ts"
"/fontanero","hub/faq topics","¿Qué servicios de fontanería ofrecéis?","data/fontanero/hub-page-content.ts"
"/fontanero","hub/faq topics","¿Cuánto tardáis en llegar en una emergencia?","data/fontanero/hub-page-content.ts"
"/fontanero","hub/faq topics","¿Los fontaneros están certificados?","data/fontanero/hub-page-content.ts"
"/fontanero","hub/faq topics","¿Hay recargo por servicio urgente nocturno?","data/fontanero/hub-page-content.ts"
"/fontanero","hub/faq topics","¿Ofrecéis presupuesto sin compromiso?","data/fontanero/hub-page-content.ts"
"/fontanero","seo map faq topics","¿Cuánto cuesta un fontanero?","data/seo/fontanero-seo-map.ts"
"/fontanero","seo map faq topics","¿Cuándo llamar a un fontanero?","data/seo/fontanero-seo-map.ts"
"/fontanero","seo map faq topics","¿Qué hace un fontanero?","data/seo/fontanero-seo-map.ts"
"/fontanero/reparacion-fugas","lockedPrimaryKw","reparación fugas agua","data/fontanero/child-services-seo.ts"
"/fontanero/reparacion-fugas","secondaryKw","fuga de agua","data/fontanero/child-services-seo.ts"
"/fontanero/reparacion-fugas","secondaryKw","como localizar una fuga de agua en una tubería enterrada","data/fontanero/child-services-seo.ts"
"/fontanero/reparacion-fugas","secondaryKw","precio detectar fuga de agua","data/fontanero/child-services-seo.ts"
"/fontanero/reparacion-fugas","secondaryKw","fuga de agua en casa","data/fontanero/child-services-seo.ts"
"/fontanero/reparacion-fugas","secondaryKw","detector de fuga de agua","data/fontanero/child-services-seo.ts"
"/fontanero/reparacion-fugas","secondaryKw","detector fuga de agua","data/fontanero/child-services-seo.ts"
"/fontanero/reparacion-fugas","secondaryKw","como tapar una fuga de agua con presión","data/fontanero/child-services-seo.ts"
"/fontanero/reparacion-fugas","secondaryKw","como detectar una fuga de agua","data/fontanero/child-services-seo.ts"
"/fontanero/reparacion-fugas","seoBlockKw","reparación fugas agua","data/fontanero/child-services-seo.ts"
"/fontanero/reparacion-fugas","seoBlockKw","fuga de agua","data/fontanero/child-services-seo.ts"
"/fontanero/reparacion-fugas","seoBlockKw","como localizar una fuga de agua en una tubería enterrada","data/fontanero/child-services-seo.ts"
"/fontanero/reparacion-fugas","seoBlockKw","precio detectar fuga de agua","data/fontanero/child-services-seo.ts"
"/fontanero/reparacion-fugas","seoBlockKw","fuga de agua en casa","data/fontanero/child-services-seo.ts"
"/fontanero/reparacion-fugas","seoBlockKw","detector de fuga de agua","data/fontanero/child-services-seo.ts"
"/fontanero/reparacion-fugas","seoBlockKw","detector fuga de agua","data/fontanero/child-services-seo.ts"
"/fontanero/reparacion-fugas","seoBlockKw","como tapar una fuga de agua con presión","data/fontanero/child-services-seo.ts"
"/fontanero/reparacion-fugas","seoBlockKw","como detectar una fuga de agua","data/fontanero/child-services-seo.ts"
"/fontanero/reparacion-fugas","seoBlockKw","como tapar una fuga de agua en un tubo de pvc","data/fontanero/child-services-seo.ts"
"/fontanero/reparacion-fugas","faqKw","como localizar una fuga de agua en una tubería enterrada","data/fontanero/child-services-seo.ts"
"/fontanero/reparacion-fugas","faqKw","precio detectar fuga de agua","data/fontanero/child-services-seo.ts"
"/fontanero/reparacion-fugas","faqKw","como tapar una fuga de agua con presión","data/fontanero/child-services-seo.ts"
"/fontanero/reparacion-fugas","faqKw","como detectar una fuga de agua","data/fontanero/child-services-seo.ts"
"/fontanero/reparacion-fugas","faqKw","como tapar una fuga de agua en un tubo de pvc","data/fontanero/child-services-seo.ts"
"/fontanero/reparacion-fugas","faqKw","como saber si tengo una fuga de agua en casa","data/fontanero/child-services-seo.ts"
"/fontanero/reparacion-fugas","faqKw","como detectar fuga de agua en casa","data/fontanero/child-services-seo.ts"
"/fontanero/reparacion-fugas","faqKw","precio detectar fuga de agua calefacción","data/fontanero/child-services-seo.ts"
"/fontanero/reparacion-fugas","keywordTags","reparación fugas agua","data/fontanero/child-services-seo.ts"
"/fontanero/reparacion-fugas","keywordTags","fuga de agua","data/fontanero/child-services-seo.ts"
"/fontanero/reparacion-fugas","keywordTags","detector de fuga de agua","data/fontanero/child-services-seo.ts"
"/fontanero/reparacion-fugas","keywordTags","precio detectar fuga","data/fontanero/child-services-seo.ts"
"/fontanero/reparacion-fugas","keywordTags","fuga oculta","data/fontanero/child-services-seo.ts"
"/fontanero/reparacion-fugas","keywordTags","fuga tubería enterrada","data/fontanero/child-services-seo.ts"
"/fontanero/reparacion-fugas","keywordTags","como detectar fuga","data/fontanero/child-services-seo.ts"
"/fontanero/reparacion-fugas","keywordTags","reparar fuga presión","data/fontanero/child-services-seo.ts"
"/fontanero/reparacion-fugas","seo map faq topics","¿Cómo detectar una fuga de agua?","data/seo/fontanero-seo-map.ts"
"/fontanero/reparacion-fugas","seo map faq topics","¿Cuánto cuesta reparar una fuga de agua?","data/seo/fontanero-seo-map.ts"
"/fontanero/reparacion-fugas","seo map faq topics","¿Qué hacer si tengo una fuga de agua?","data/seo/fontanero-seo-map.ts"
"/fontanero/reparacion-fugas","seo map faq topics","¿Cómo localizar fuga tubería enterrada?","data/seo/fontanero-seo-map.ts"
"/fontanero/desatascos","lockedPrimaryKw","desatascos","data/fontanero/child-services-seo.ts"
"/fontanero/desatascos","secondaryKw","desatascos valencia","data/fontanero/child-services-seo.ts"
"/fontanero/desatascos","secondaryKw","desatascos urgentes","data/fontanero/child-services-seo.ts"
"/fontanero/desatascos","secondaryKw","desatascos en valencia","data/fontanero/child-services-seo.ts"
"/fontanero/desatascos","secondaryKw","desatascos 24 horas","data/fontanero/child-services-seo.ts"
"/fontanero/desatascos","secondaryKw","desatascos 24 horas valencia","data/fontanero/child-services-seo.ts"
"/fontanero/desatascos","secondaryKw","desatascos 24h","data/fontanero/child-services-seo.ts"
"/fontanero/desatascos","secondaryKw","desatascos urgentes valencia","data/fontanero/child-services-seo.ts"
"/fontanero/desatascos","secondaryKw","empresa de desatascos","data/fontanero/child-services-seo.ts"
"/fontanero/desatascos","secondaryKw","empresa desatascos","data/fontanero/child-services-seo.ts"
"/fontanero/desatascos","secondaryKw","empresa desatascos valencia","data/fontanero/child-services-seo.ts"
"/fontanero/desatascos","secondaryKw","empresas de desatascos","data/fontanero/child-services-seo.ts"
"/fontanero/desatascos","secondaryKw","desatascos cerca de mi","data/fontanero/child-services-seo.ts"
"/fontanero/desatascos","seoBlockKw","desatascos de tuberías","data/fontanero/child-services-seo.ts"
"/fontanero/desatascos","seoBlockKw","desatascos valencia","data/fontanero/child-services-seo.ts"
"/fontanero/desatascos","seoBlockKw","desatascos urgentes","data/fontanero/child-services-seo.ts"
"/fontanero/desatascos","seoBlockKw","desatascos 24 horas","data/fontanero/child-services-seo.ts"
"/fontanero/desatascos","seoBlockKw","empresa de desatascos","data/fontanero/child-services-seo.ts"
"/fontanero/desatascos","seoBlockKw","desatascos tuberias","data/fontanero/child-services-seo.ts"
"/fontanero/desatascos","seoBlockKw","desatascos de fregaderos","data/fontanero/child-services-seo.ts"
"/fontanero/desatascos","seoBlockKw","desatascos con camion cuba valencia","data/fontanero/child-services-seo.ts"
"/fontanero/desatascos","seoBlockKw","camión cuba desatascos","data/fontanero/child-services-seo.ts"
"/fontanero/desatascos","seoBlockKw","camion desatascos","data/fontanero/child-services-seo.ts"
"/fontanero/desatascos","seoBlockKw","cuba desatascos","data/fontanero/child-services-seo.ts"
"/fontanero/desatascos","seoBlockKw","arqueta desatascos","data/fontanero/child-services-seo.ts"
"/fontanero/desatascos","seoBlockKw","fontanero desatascos","data/fontanero/child-services-seo.ts"
"/fontanero/desatascos","faqKw","camión cuba desatascos precio","data/fontanero/child-services-seo.ts"
"/fontanero/desatascos","faqKw","empresa de desatascos precios","data/fontanero/child-services-seo.ts"
"/fontanero/desatascos","faqKw","precio desatascos urgencias","data/fontanero/child-services-seo.ts"
"/fontanero/desatascos","faqKw","precio hora desatascos","data/fontanero/child-services-seo.ts"
"/fontanero/desatascos","faqKw","desatascos precio","data/fontanero/child-services-seo.ts"
"/fontanero/desatascos","faqKw","tarifas de desatascos","data/fontanero/child-services-seo.ts"
"/fontanero/desatascos","seo map faq topics","¿Cuánto cuesta un desatasco?","data/seo/fontanero-seo-map.ts"
"/fontanero/desatascos","seo map faq topics","¿Cómo desatascar una tubería?","data/seo/fontanero-seo-map.ts"
"/fontanero/desatascos","seo map faq topics","¿Qué hacer si se atasca el desagüe?","data/seo/fontanero-seo-map.ts"
"/fontanero/desatascos","seo map faq topics","¿Los desatascos trabajan 24 horas?","data/seo/fontanero-seo-map.ts"
"/fontanero/instalaciones","lockedPrimaryKw","instalación fontanería","data/fontanero/child-services-seo.ts"
"/fontanero/instalaciones","secondaryKw","instalacion fontaneria baño","data/fontanero/child-services-seo.ts"
"/fontanero/instalaciones","secondaryKw","instalacion fontaneria en pladur","data/fontanero/child-services-seo.ts"
"/fontanero/instalaciones","secondaryKw","medidas instalacion fontaneria","data/fontanero/child-services-seo.ts"
"/fontanero/instalaciones","secondaryKw","instalar grifo","data/fontanero/child-services-seo.ts"
"/fontanero/instalaciones","secondaryKw","cambiar grifo","data/fontanero/child-services-seo.ts"
"/fontanero/instalaciones","secondaryKw","instalacion sanitarios","data/fontanero/child-services-seo.ts"
"/fontanero/instalaciones","secondaryKw","instalacion inodoro","data/fontanero/child-services-seo.ts"
"/fontanero/instalaciones","secondaryKw","instalacion lavabo","data/fontanero/child-services-seo.ts"
"/fontanero/instalaciones","seoBlockKw","instalación fontanería","data/fontanero/child-services-seo.ts"
"/fontanero/instalaciones","seoBlockKw","instalacion fontaneria baño","data/fontanero/child-services-seo.ts"
"/fontanero/instalaciones","seoBlockKw","instalar grifo","data/fontanero/child-services-seo.ts"
"/fontanero/instalaciones","seoBlockKw","cambiar grifo","data/fontanero/child-services-seo.ts"
"/fontanero/instalaciones","seoBlockKw","instalacion sanitarios","data/fontanero/child-services-seo.ts"
"/fontanero/instalaciones","seoBlockKw","instalacion inodoro","data/fontanero/child-services-seo.ts"
"/fontanero/instalaciones","seoBlockKw","instalacion lavabo","data/fontanero/child-services-seo.ts"
"/fontanero/instalaciones","seoBlockKw","instalacion fontaneria en pladur","data/fontanero/child-services-seo.ts"
"/fontanero/instalaciones","seoBlockKw","medidas instalacion fontaneria","data/fontanero/child-services-seo.ts"
"/fontanero/instalaciones","seoBlockKw","reforma baño","data/fontanero/child-services-seo.ts"
"/fontanero/instalaciones","seoBlockKw","fontaneria obra nueva","data/fontanero/child-services-seo.ts"
"/fontanero/instalaciones","faqKw","cuanto cobra un fontanero por cambiar un grifo","data/fontanero/child-services-seo.ts"
"/fontanero/instalaciones","faqKw","cuanto cuesta instalar un baño completo","data/fontanero/child-services-seo.ts"
"/fontanero/instalaciones","faqKw","precio instalacion fontaneria baño","data/fontanero/child-services-seo.ts"
"/fontanero/instalaciones","faqKw","precio cambiar grifo","data/fontanero/child-services-seo.ts"
"/fontanero/instalaciones","faqKw","se puede instalar fontaneria en pladur","data/fontanero/child-services-seo.ts"
"/fontanero/instalaciones","faqKw","cuanto cuesta reforma baño fontaneria","data/fontanero/child-services-seo.ts"
"/fontanero/instalaciones","keywordTags","instalación fontanería","data/fontanero/child-services-seo.ts"
"/fontanero/instalaciones","keywordTags","instalación baño","data/fontanero/child-services-seo.ts"
"/fontanero/instalaciones","keywordTags","fontanería obra nueva","data/fontanero/child-services-seo.ts"
"/fontanero/instalaciones","keywordTags","cambiar grifo","data/fontanero/child-services-seo.ts"
"/fontanero/instalaciones","keywordTags","instalación sanitarios","data/fontanero/child-services-seo.ts"
"/fontanero/instalaciones","keywordTags","fontanería pladur","data/fontanero/child-services-seo.ts"
"/fontanero/instalaciones","keywordTags","reforma baño","data/fontanero/child-services-seo.ts"
"/fontanero/instalaciones","keywordTags","instalar grifos","data/fontanero/child-services-seo.ts"
"/fontanero/instalaciones","seo map faq topics","¿Cuánto cuesta una instalación de fontanería?","data/seo/fontanero-seo-map.ts"
"/fontanero/instalaciones","seo map faq topics","¿Qué incluye una instalación de fontanería?","data/seo/fontanero-seo-map.ts"
"/fontanero/instalaciones","seo map faq topics","¿Cuánto tiempo tarda instalar un baño?","data/seo/fontanero-seo-map.ts"
"/fontanero/instalaciones","seo map faq topics","¿Necesito certificado de instalación de fontanería?","data/seo/fontanero-seo-map.ts"
"/fontanero/sustitucion-tuberias","lockedPrimaryKw","sustitución tuberías","data/fontanero/child-services-seo.ts"
"/fontanero/sustitucion-tuberias","secondaryKw","sustitución tuberías","data/fontanero/child-services-seo.ts"
"/fontanero/sustitucion-tuberias","secondaryKw","presupuesto cambiar tuberias casa","data/fontanero/child-services-seo.ts"
"/fontanero/sustitucion-tuberias","seoBlockKw","sustitución tuberías","data/fontanero/child-services-seo.ts"
"/fontanero/sustitucion-tuberias","seoBlockKw","cambio tuberías","data/fontanero/child-services-seo.ts"
"/fontanero/sustitucion-tuberias","seoBlockKw","renovación tuberías","data/fontanero/child-services-seo.ts"
"/fontanero/sustitucion-tuberias","seoBlockKw","tuberías antiguas","data/fontanero/child-services-seo.ts"
"/fontanero/sustitucion-tuberias","seoBlockKw","tuberías corroídas","data/fontanero/child-services-seo.ts"
"/fontanero/sustitucion-tuberias","seoBlockKw","presupuesto cambiar tuberias casa","data/fontanero/child-services-seo.ts"
"/fontanero/sustitucion-tuberias","faqKw","cuánto cuesta sustitución de tuberías","data/fontanero/child-services-seo.ts"
"/fontanero/sustitucion-tuberias","faqKw","presupuesto cambiar tuberias casa","data/fontanero/child-services-seo.ts"
"/fontanero/sustitucion-tuberias","faqKw","cuánto tarda sustitución de tuberías","data/fontanero/child-services-seo.ts"
"/fontanero/sustitucion-tuberias","faqKw","hay garantía en sustitución de tuberías","data/fontanero/child-services-seo.ts"
"/fontanero/sustitucion-tuberias","faqKw","servicio urgente de sustitución de tuberías","data/fontanero/child-services-seo.ts"
"/fontanero/sustitucion-tuberias","keywordTags","sustitución tuberías","data/fontanero/child-services-seo.ts"
"/fontanero/sustitucion-tuberias","keywordTags","cambio tuberías antiguas","data/fontanero/child-services-seo.ts"
"/fontanero/sustitucion-tuberias","keywordTags","tuberías de cobre","data/fontanero/child-services-seo.ts"
"/fontanero/sustitucion-tuberias","keywordTags","tuberías PEX","data/fontanero/child-services-seo.ts"
"/fontanero/sustitucion-tuberias","keywordTags","cambio bajantes","data/fontanero/child-services-seo.ts"
"/fontanero/sustitucion-tuberias","keywordTags","presupuesto cambiar tuberias casa","data/fontanero/child-services-seo.ts"
"/fontanero/sustitucion-tuberias","keywordTags","renovación fontanería","data/fontanero/child-services-seo.ts"
"/fontanero/sustitucion-tuberias","keywordTags","tuberías multicapa","data/fontanero/child-services-seo.ts"
"/fontanero/sustitucion-tuberias","keywordTags","tuberías corroídas","data/fontanero/child-services-seo.ts"
"/fontanero/sustitucion-tuberias","seo map faq topics","¿Cuándo cambiar las tuberías?","data/seo/fontanero-seo-map.ts"
"/fontanero/sustitucion-tuberias","seo map faq topics","¿Cuánto cuesta cambiar tuberías de una vivienda?","data/seo/fontanero-seo-map.ts"
"/fontanero/sustitucion-tuberias","seo map faq topics","¿Cómo cambiar tuberías sin obras?","data/seo/fontanero-seo-map.ts"
"/fontanero/sustitucion-tuberias","seo map faq topics","¿Cada cuánto renovar las tuberías?","data/seo/fontanero-seo-map.ts"
"/fontanero/calentadores-termos","lockedPrimaryKw","termo eléctrico","data/fontanero/child-services-seo.ts"
"/fontanero/calentadores-termos","secondaryKw","termo electrico","data/fontanero/child-services-seo.ts"
"/fontanero/calentadores-termos","secondaryKw","termo electrico 50 litros","data/fontanero/child-services-seo.ts"
"/fontanero/calentadores-termos","secondaryKw","termo electrico 100 litros","data/fontanero/child-services-seo.ts"
"/fontanero/calentadores-termos","secondaryKw","termo electrico 80 litros","data/fontanero/child-services-seo.ts"
"/fontanero/calentadores-termos","secondaryKw","termo electrico 30 litros","data/fontanero/child-services-seo.ts"
"/fontanero/calentadores-termos","secondaryKw","como vaciar un termo electrico","data/fontanero/child-services-seo.ts"
"/fontanero/calentadores-termos","secondaryKw","termo electrico 150 litros","data/fontanero/child-services-seo.ts"
"/fontanero/calentadores-termos","secondaryKw","termo de agua electrico","data/fontanero/child-services-seo.ts"
"/fontanero/calentadores-termos","secondaryKw","presupuesto cambiar termo electrico","data/fontanero/child-services-seo.ts"
"/fontanero/calentadores-termos","seoBlockKw","termo eléctrico","data/fontanero/child-services-seo.ts"
"/fontanero/calentadores-termos","seoBlockKw","termo electrico 50 litros","data/fontanero/child-services-seo.ts"
"/fontanero/calentadores-termos","seoBlockKw","termo electrico 100 litros","data/fontanero/child-services-seo.ts"
"/fontanero/calentadores-termos","seoBlockKw","termo electrico 80 litros","data/fontanero/child-services-seo.ts"
"/fontanero/calentadores-termos","seoBlockKw","termo electrico 30 litros","data/fontanero/child-services-seo.ts"
"/fontanero/calentadores-termos","seoBlockKw","como vaciar un termo electrico","data/fontanero/child-services-seo.ts"
"/fontanero/calentadores-termos","seoBlockKw","termo electrico 150 litros","data/fontanero/child-services-seo.ts"
"/fontanero/calentadores-termos","seoBlockKw","termo de agua electrico","data/fontanero/child-services-seo.ts"
"/fontanero/calentadores-termos","seoBlockKw","termo electrico horizontal","data/fontanero/child-services-seo.ts"
"/fontanero/calentadores-termos","seoBlockKw","presupuesto cambiar termo electrico","data/fontanero/child-services-seo.ts"
"/fontanero/calentadores-termos","faqKw","como vaciar un termo electrico","data/fontanero/child-services-seo.ts"
"/fontanero/calentadores-termos","faqKw","como funciona un termo electrico","data/fontanero/child-services-seo.ts"
"/fontanero/calentadores-termos","faqKw","como vaciar termo electrico","data/fontanero/child-services-seo.ts"
"/fontanero/calentadores-termos","faqKw","cuanto dura un termo electrico","data/fontanero/child-services-seo.ts"
"/fontanero/calentadores-termos","faqKw","precio termo electrico","data/fontanero/child-services-seo.ts"
"/fontanero/calentadores-termos","faqKw","presupuesto cambiar termo electrico","data/fontanero/child-services-seo.ts"
"/fontanero/calentadores-termos","faqKw","precio termo electrico 100 litros","data/fontanero/child-services-seo.ts"
"/fontanero/calentadores-termos","faqKw","cuanto consume un termo electrico","data/fontanero/child-services-seo.ts"
"/fontanero/calentadores-termos","faqKw","como cambiar un termo electrico","data/fontanero/child-services-seo.ts"
"/fontanero/calentadores-termos","keywordTags","termo eléctrico","data/fontanero/child-services-seo.ts"
"/fontanero/calentadores-termos","keywordTags","termo 50 litros","data/fontanero/child-services-seo.ts"
"/fontanero/calentadores-termos","keywordTags","termo 100 litros","data/fontanero/child-services-seo.ts"
"/fontanero/calentadores-termos","keywordTags","termo 80 litros","data/fontanero/child-services-seo.ts"
"/fontanero/calentadores-termos","keywordTags","instalación termo","data/fontanero/child-services-seo.ts"
"/fontanero/calentadores-termos","keywordTags","reparación termo","data/fontanero/child-services-seo.ts"
"/fontanero/calentadores-termos","keywordTags","termo sin agua","data/fontanero/child-services-seo.ts"
"/fontanero/calentadores-termos","keywordTags","presupuesto cambiar termo electrico","data/fontanero/child-services-seo.ts"
"/fontanero/calentadores-termos","keywordTags","mantenimiento termo","data/fontanero/child-services-seo.ts"
"/fontanero/calentadores-termos","seo map faq topics","¿Cuánto cuesta instalar un termo eléctrico?","data/seo/fontanero-seo-map.ts"
"/fontanero/calentadores-termos","seo map faq topics","¿Cómo reparar un termo eléctrico?","data/seo/fontanero-seo-map.ts"
"/fontanero/calentadores-termos","seo map faq topics","¿Cuánto dura un termo eléctrico?","data/seo/fontanero-seo-map.ts"
"/fontanero/calentadores-termos","seo map faq topics","¿Cambiar o reparar termo eléctrico?","data/seo/fontanero-seo-map.ts"
"/fontanero/mantenimiento","lockedPrimaryKw","mantenimiento fontanería","data/fontanero/child-services-seo.ts"
"/fontanero/mantenimiento","secondaryKw","mantenimiento fontaneria","data/fontanero/child-services-seo.ts"
"/fontanero/mantenimiento","seoBlockKw","mantenimiento fontanería","data/fontanero/child-services-seo.ts"
"/fontanero/mantenimiento","seoBlockKw","revisión fontanería","data/fontanero/child-services-seo.ts"
"/fontanero/mantenimiento","seoBlockKw","prevención averías fontanería","data/fontanero/child-services-seo.ts"
"/fontanero/mantenimiento","faqKw","cuánto cuesta mantenimiento de fontanería","data/fontanero/child-services-seo.ts"
"/fontanero/mantenimiento","faqKw","cuánto tarda mantenimiento de fontanería","data/fontanero/child-services-seo.ts"
"/fontanero/mantenimiento","faqKw","hay garantía en mantenimiento de fontanería","data/fontanero/child-services-seo.ts"
"/fontanero/mantenimiento","faqKw","servicio urgente de mantenimiento de fontanería","data/fontanero/child-services-seo.ts"
"/fontanero/mantenimiento","keywordTags","mantenimiento fontanería","data/fontanero/child-services-seo.ts"
"/fontanero/mantenimiento","keywordTags","revisión fontanería","data/fontanero/child-services-seo.ts"
"/fontanero/mantenimiento","keywordTags","prevención fugas","data/fontanero/child-services-seo.ts"
"/fontanero/mantenimiento","keywordTags","inspección tuberías","data/fontanero/child-services-seo.ts"
"/fontanero/mantenimiento","keywordTags","mantenimiento comunidad","data/fontanero/child-services-seo.ts"
"/fontanero/mantenimiento","keywordTags","plan mantenimiento","data/fontanero/child-services-seo.ts"
"/fontanero/mantenimiento","keywordTags","revisión anual","data/fontanero/child-services-seo.ts"
"/fontanero/mantenimiento","keywordTags","chequeo fontanería","data/fontanero/child-services-seo.ts"
"/fontanero/mantenimiento","seo map faq topics","¿Cada cuánto hacer mantenimiento de fontanería?","data/seo/fontanero-seo-map.ts"
"/fontanero/mantenimiento","seo map faq topics","¿Qué incluye el mantenimiento de fontanería?","data/seo/fontanero-seo-map.ts"
"/fontanero/mantenimiento","seo map faq topics","¿Cuánto cuesta un contrato de mantenimiento?","data/seo/fontanero-seo-map.ts"
"/fontanero/mantenimiento","seo map faq topics","¿Por qué es importante el mantenimiento preventivo?","data/seo/fontanero-seo-map.ts"
"/fontanero/cambio-banera-por-ducha","lockedPrimaryKw","cambiar bañera por ducha","data/fontanero/child-services-seo.ts"
"/fontanero/cambio-banera-por-ducha","secondaryKw","cambiar bañera por plato de ducha","data/fontanero/child-services-seo.ts"
"/fontanero/cambio-banera-por-ducha","secondaryKw","cambio de bañera por ducha","data/fontanero/child-services-seo.ts"
"/fontanero/cambio-banera-por-ducha","secondaryKw","cambiar bañera por ducha precio","data/fontanero/child-services-seo.ts"
"/fontanero/cambio-banera-por-ducha","secondaryKw","precio cambiar bañera por ducha","data/fontanero/child-services-seo.ts"
"/fontanero/cambio-banera-por-ducha","secondaryKw","cambiar plato de ducha","data/fontanero/child-services-seo.ts"
"/fontanero/cambio-banera-por-ducha","secondaryKw","instalacion de plato ducha","data/fontanero/child-services-seo.ts"
"/fontanero/cambio-banera-por-ducha","secondaryKw","instalar plato de ducha","data/fontanero/child-services-seo.ts"
"/fontanero/cambio-banera-por-ducha","secondaryKw","reparar plato ducha resina","data/fontanero/child-services-seo.ts"
"/fontanero/cambio-banera-por-ducha","secondaryKw","cambio baño por ducha","data/fontanero/child-services-seo.ts"
"/fontanero/cambio-banera-por-ducha","secondaryKw","quitar bañera y poner ducha","data/fontanero/child-services-seo.ts"
"/fontanero/cambio-banera-por-ducha","seoBlockKw","cambiar bañera por ducha","data/fontanero/child-services-seo.ts"
"/fontanero/cambio-banera-por-ducha","seoBlockKw","cambiar bañera por plato de ducha","data/fontanero/child-services-seo.ts"
"/fontanero/cambio-banera-por-ducha","seoBlockKw","cambio de bañera por ducha","data/fontanero/child-services-seo.ts"
"/fontanero/cambio-banera-por-ducha","seoBlockKw","precio cambiar bañera por ducha","data/fontanero/child-services-seo.ts"
"/fontanero/cambio-banera-por-ducha","seoBlockKw","cambiar plato de ducha","data/fontanero/child-services-seo.ts"
"/fontanero/cambio-banera-por-ducha","seoBlockKw","quitar bañera poner ducha","data/fontanero/child-services-seo.ts"
"/fontanero/cambio-banera-por-ducha","seoBlockKw","cambio baño por ducha","data/fontanero/child-services-seo.ts"
"/fontanero/cambio-banera-por-ducha","seoBlockKw","cambio de baño por ducha","data/fontanero/child-services-seo.ts"
"/fontanero/cambio-banera-por-ducha","seoBlockKw","instalar plato de ducha","data/fontanero/child-services-seo.ts"
"/fontanero/cambio-banera-por-ducha","seoBlockKw","instalacion de plato ducha","data/fontanero/child-services-seo.ts"
"/fontanero/cambio-banera-por-ducha","seoBlockKw","montar plato de ducha","data/fontanero/child-services-seo.ts"
"/fontanero/cambio-banera-por-ducha","seoBlockKw","cambiar desague plato ducha","data/fontanero/child-services-seo.ts"
"/fontanero/cambio-banera-por-ducha","seoBlockKw","reparar grieta plato ducha","data/fontanero/child-services-seo.ts"
"/fontanero/cambio-banera-por-ducha","seoBlockKw","reforma de baño parcial","data/fontanero/child-services-seo.ts"
"/fontanero/cambio-banera-por-ducha","faqKw","cuanto cuesta cambiar bañera por ducha","data/fontanero/child-services-seo.ts"
"/fontanero/cambio-banera-por-ducha","faqKw","cuanto tarda cambiar bañera por plato de ducha","data/fontanero/child-services-seo.ts"
"/fontanero/cambio-banera-por-ducha","faqKw","precio cambiar bañera por ducha","data/fontanero/child-services-seo.ts"
"/fontanero/cambio-banera-por-ducha","faqKw","cambiar bañera por ducha sin obra","data/fontanero/child-services-seo.ts"
"/fontanero/cambio-banera-por-ducha","keywordTags","cambiar bañera por ducha","data/fontanero/child-services-seo.ts"
"/fontanero/cambio-banera-por-ducha","keywordTags","cambiar bañera por plato de ducha","data/fontanero/child-services-seo.ts"
"/fontanero/cambio-banera-por-ducha","keywordTags","cambio de bañera por ducha","data/fontanero/child-services-seo.ts"
"/fontanero/cambio-banera-por-ducha","keywordTags","precio cambiar bañera por ducha","data/fontanero/child-services-seo.ts"
"/fontanero/cambio-banera-por-ducha","keywordTags","cambiar plato de ducha","data/fontanero/child-services-seo.ts"
"/fontanero/cambio-banera-por-ducha","keywordTags","instalar plato de ducha","data/fontanero/child-services-seo.ts"
"/fontanero/cambio-banera-por-ducha","keywordTags","quitar bañera poner ducha","data/fontanero/child-services-seo.ts"
"/fontanero/cambio-banera-por-ducha","seo map faq topics","¿Cuánto cuesta cambiar bañera por ducha?","data/seo/fontanero-seo-map.ts"
"/fontanero/cambio-banera-por-ducha","seo map faq topics","¿Cuánto tarda cambiar una bañera por plato de ducha?","data/seo/fontanero-seo-map.ts"
"/fontanero/cambio-banera-por-ducha","seo map faq topics","¿Qué incluye el cambio de bañera por ducha?","data/seo/fontanero-seo-map.ts"
"/fontanero/cambio-banera-por-ducha","seo map faq topics","¿Se puede cambiar bañera por ducha sin obra grande?","data/seo/fontanero-seo-map.ts"
"/fontanero/reparacion-cisternas","lockedPrimaryKw","cisterna pierde agua","data/fontanero/child-services-seo.ts"
"/fontanero/reparacion-cisternas","secondaryKw","arreglar cisterna","data/fontanero/child-services-seo.ts"
"/fontanero/reparacion-cisternas","secondaryKw","cisterna gotea","data/fontanero/child-services-seo.ts"
"/fontanero/reparacion-cisternas","secondaryKw","cisterna no carga agua","data/fontanero/child-services-seo.ts"
"/fontanero/reparacion-cisternas","secondaryKw","cambiar mecanismo cisterna","data/fontanero/child-services-seo.ts"
"/fontanero/reparacion-cisternas","secondaryKw","reparar cisterna roca","data/fontanero/child-services-seo.ts"
"/fontanero/reparacion-cisternas","secondaryKw","cisterna empotrada pierde agua","data/fontanero/child-services-seo.ts"
"/fontanero/reparacion-cisternas","secondaryKw","reparar cisterna que pierde agua","data/fontanero/child-services-seo.ts"
"/fontanero/reparacion-cisternas","secondaryKw","reparar cisterna wc pierde agua","data/fontanero/child-services-seo.ts"
"/fontanero/reparacion-cisternas","seoBlockKw","cisterna pierde agua","data/fontanero/child-services-seo.ts"
"/fontanero/reparacion-cisternas","seoBlockKw","arreglar cisterna","data/fontanero/child-services-seo.ts"
"/fontanero/reparacion-cisternas","seoBlockKw","cisterna gotea","data/fontanero/child-services-seo.ts"
"/fontanero/reparacion-cisternas","seoBlockKw","cisterna no carga agua","data/fontanero/child-services-seo.ts"
"/fontanero/reparacion-cisternas","seoBlockKw","cambiar mecanismo cisterna","data/fontanero/child-services-seo.ts"
"/fontanero/reparacion-cisternas","seoBlockKw","reparar cisterna roca","data/fontanero/child-services-seo.ts"
"/fontanero/reparacion-cisternas","seoBlockKw","cisterna empotrada pierde agua","data/fontanero/child-services-seo.ts"
"/fontanero/reparacion-cisternas","seoBlockKw","reparar cisterna que pierde agua","data/fontanero/child-services-seo.ts"
"/fontanero/reparacion-cisternas","seoBlockKw","reparar wc pierde agua","data/fontanero/child-services-seo.ts"
"/fontanero/reparacion-cisternas","faqKw","por que mi cisterna pierde agua","data/fontanero/child-services-seo.ts"
"/fontanero/reparacion-cisternas","faqKw","cuanto cuesta arreglar una cisterna","data/fontanero/child-services-seo.ts"
"/fontanero/reparacion-cisternas","faqKw","cambiar mecanismo cisterna","data/fontanero/child-services-seo.ts"
"/fontanero/reparacion-cisternas","faqKw","cisterna empotrada pierde agua","data/fontanero/child-services-seo.ts"
"/fontanero/reparacion-cisternas","faqKw","reparar cisterna wc pierde agua","data/fontanero/child-services-seo.ts"
"/fontanero/reparacion-cisternas","faqKw","reparar inodoro pierde agua","data/fontanero/child-services-seo.ts"
"/fontanero/reparacion-cisternas","keywordTags","cisterna pierde agua","data/fontanero/child-services-seo.ts"
"/fontanero/reparacion-cisternas","keywordTags","arreglar cisterna","data/fontanero/child-services-seo.ts"
"/fontanero/reparacion-cisternas","keywordTags","cisterna gotea","data/fontanero/child-services-seo.ts"
"/fontanero/reparacion-cisternas","keywordTags","cisterna no carga agua","data/fontanero/child-services-seo.ts"
"/fontanero/reparacion-cisternas","keywordTags","reparar cisterna que pierde agua","data/fontanero/child-services-seo.ts"
"/fontanero/reparacion-cisternas","keywordTags","reparar wc pierde agua","data/fontanero/child-services-seo.ts"
"/fontanero/reparacion-cisternas","seo map faq topics","¿Por qué mi cisterna pierde agua?","data/seo/fontanero-seo-map.ts"
"/fontanero/reparacion-cisternas","seo map faq topics","¿Cuánto cuesta arreglar una cisterna?","data/seo/fontanero-seo-map.ts"
"/fontanero/reparacion-cisternas","seo map faq topics","¿Se puede cambiar solo el mecanismo de la cisterna?","data/seo/fontanero-seo-map.ts"
"/fontanero/reparacion-cisternas","seo map faq topics","¿Reparáis cisternas empotradas?","data/seo/fontanero-seo-map.ts"
"/fontanero/cambio-reparacion-grifos","lockedPrimaryKw","cambiar grifo cocina","data/fontanero/child-services-seo.ts"
"/fontanero/cambio-reparacion-grifos","secondaryKw","grifo gotea","data/fontanero/child-services-seo.ts"
"/fontanero/cambio-reparacion-grifos","secondaryKw","cambiar grifo ducha","data/fontanero/child-services-seo.ts"
"/fontanero/cambio-reparacion-grifos","secondaryKw","cambiar grifo lavabo","data/fontanero/child-services-seo.ts"
"/fontanero/cambio-reparacion-grifos","secondaryKw","cambiar grifo bañera","data/fontanero/child-services-seo.ts"
"/fontanero/cambio-reparacion-grifos","secondaryKw","arreglar goteo grifo","data/fontanero/child-services-seo.ts"
"/fontanero/cambio-reparacion-grifos","secondaryKw","reparar grifo monomando cocina","data/fontanero/child-services-seo.ts"
"/fontanero/cambio-reparacion-grifos","secondaryKw","reparar grifo termostático","data/fontanero/child-services-seo.ts"
"/fontanero/cambio-reparacion-grifos","secondaryKw","precio cambiar grifo cocina","data/fontanero/child-services-seo.ts"
"/fontanero/cambio-reparacion-grifos","secondaryKw","precio fontanero cambiar grifo","data/fontanero/child-services-seo.ts"
"/fontanero/cambio-reparacion-grifos","seoBlockKw","cambiar grifo cocina","data/fontanero/child-services-seo.ts"
"/fontanero/cambio-reparacion-grifos","seoBlockKw","grifo gotea","data/fontanero/child-services-seo.ts"
"/fontanero/cambio-reparacion-grifos","seoBlockKw","cambiar grifo ducha","data/fontanero/child-services-seo.ts"
"/fontanero/cambio-reparacion-grifos","seoBlockKw","cambiar grifo lavabo","data/fontanero/child-services-seo.ts"
"/fontanero/cambio-reparacion-grifos","seoBlockKw","cambiar grifo bañera","data/fontanero/child-services-seo.ts"
"/fontanero/cambio-reparacion-grifos","seoBlockKw","arreglar goteo grifo","data/fontanero/child-services-seo.ts"
"/fontanero/cambio-reparacion-grifos","seoBlockKw","reparar grifo monomando","data/fontanero/child-services-seo.ts"
"/fontanero/cambio-reparacion-grifos","seoBlockKw","precio cambiar grifo cocina","data/fontanero/child-services-seo.ts"
"/fontanero/cambio-reparacion-grifos","seoBlockKw","precio fontanero cambiar grifo","data/fontanero/child-services-seo.ts"
"/fontanero/cambio-reparacion-grifos","faqKw","cuanto cuesta cambiar un grifo","data/fontanero/child-services-seo.ts"
"/fontanero/cambio-reparacion-grifos","faqKw","precio fontanero cambiar grifo","data/fontanero/child-services-seo.ts"
"/fontanero/cambio-reparacion-grifos","faqKw","por que gotea un grifo monomando","data/fontanero/child-services-seo.ts"
"/fontanero/cambio-reparacion-grifos","faqKw","cambiar grifo cocina","data/fontanero/child-services-seo.ts"
"/fontanero/cambio-reparacion-grifos","faqKw","reparar grifo monomando","data/fontanero/child-services-seo.ts"
"/fontanero/cambio-reparacion-grifos","keywordTags","cambiar grifo cocina","data/fontanero/child-services-seo.ts"
"/fontanero/cambio-reparacion-grifos","keywordTags","precio fontanero cambiar grifo","data/fontanero/child-services-seo.ts"
"/fontanero/cambio-reparacion-grifos","keywordTags","grifo gotea","data/fontanero/child-services-seo.ts"
"/fontanero/cambio-reparacion-grifos","keywordTags","cambiar grifo ducha","data/fontanero/child-services-seo.ts"
"/fontanero/cambio-reparacion-grifos","keywordTags","cambiar grifo lavabo","data/fontanero/child-services-seo.ts"
"/fontanero/cambio-reparacion-grifos","keywordTags","reparar grifo monomando","data/fontanero/child-services-seo.ts"
"/fontanero/cambio-reparacion-grifos","seo map faq topics","¿Cuánto cuesta cambiar un grifo?","data/seo/fontanero-seo-map.ts"
"/fontanero/cambio-reparacion-grifos","seo map faq topics","¿Por qué gotea un grifo monomando?","data/seo/fontanero-seo-map.ts"
"/fontanero/cambio-reparacion-grifos","seo map faq topics","¿Cuándo reparar o cambiar un grifo?","data/seo/fontanero-seo-map.ts"
"/fontanero/cambio-reparacion-grifos","seo map faq topics","¿Cambiáis grifos de cocina, ducha y lavabo?","data/seo/fontanero-seo-map.ts"
"/fontanero/grupos-presion-agua","lockedPrimaryKw","grupo de presion de agua","data/fontanero/child-services-seo.ts"
"/fontanero/grupos-presion-agua","secondaryKw","grupo de presión","data/fontanero/child-services-seo.ts"
"/fontanero/grupos-presion-agua","secondaryKw","grupo presion agua","data/fontanero/child-services-seo.ts"
"/fontanero/grupos-presion-agua","secondaryKw","grupo presion","data/fontanero/child-services-seo.ts"
"/fontanero/grupos-presion-agua","secondaryKw","grupo presión agua doméstico","data/fontanero/child-services-seo.ts"
"/fontanero/grupos-presion-agua","secondaryKw","grupo de presión de agua para comunidades","data/fontanero/child-services-seo.ts"
"/fontanero/grupos-presion-agua","secondaryKw","instalacion bomba de agua","data/fontanero/child-services-seo.ts"
"/fontanero/grupos-presion-agua","secondaryKw","bomba de agua para vivienda","data/fontanero/child-services-seo.ts"
"/fontanero/grupos-presion-agua","secondaryKw","bomba de agua no arranca","data/fontanero/child-services-seo.ts"
"/fontanero/grupos-presion-agua","seoBlockKw","grupo de presion de agua","data/fontanero/child-services-seo.ts"
"/fontanero/grupos-presion-agua","seoBlockKw","grupo de presión","data/fontanero/child-services-seo.ts"
"/fontanero/grupos-presion-agua","seoBlockKw","grupo presion agua","data/fontanero/child-services-seo.ts"
"/fontanero/grupos-presion-agua","seoBlockKw","grupo presión agua doméstico","data/fontanero/child-services-seo.ts"
"/fontanero/grupos-presion-agua","seoBlockKw","grupo de presión de agua para comunidades","data/fontanero/child-services-seo.ts"
"/fontanero/grupos-presion-agua","seoBlockKw","instalacion bomba de agua","data/fontanero/child-services-seo.ts"
"/fontanero/grupos-presion-agua","seoBlockKw","bomba de agua para vivienda","data/fontanero/child-services-seo.ts"
"/fontanero/grupos-presion-agua","seoBlockKw","reparar bomba de agua","data/fontanero/child-services-seo.ts"
"/fontanero/grupos-presion-agua","faqKw","cuanto cuesta instalar un grupo de presion","data/fontanero/child-services-seo.ts"
"/fontanero/grupos-presion-agua","faqKw","por que no arranca la bomba de agua","data/fontanero/child-services-seo.ts"
"/fontanero/grupos-presion-agua","faqKw","grupo de presion para vivienda","data/fontanero/child-services-seo.ts"
"/fontanero/grupos-presion-agua","faqKw","grupo de presión de agua para comunidades","data/fontanero/child-services-seo.ts"
"/fontanero/grupos-presion-agua","keywordTags","grupo de presion de agua","data/fontanero/child-services-seo.ts"
"/fontanero/grupos-presion-agua","keywordTags","grupo presion agua","data/fontanero/child-services-seo.ts"
"/fontanero/grupos-presion-agua","keywordTags","grupo de presión para vivienda","data/fontanero/child-services-seo.ts"
"/fontanero/grupos-presion-agua","keywordTags","grupo de presión para comunidades","data/fontanero/child-services-seo.ts"
"/fontanero/grupos-presion-agua","keywordTags","instalacion bomba de agua","data/fontanero/child-services-seo.ts"
"/fontanero/grupos-presion-agua","keywordTags","reparar bomba de agua","data/fontanero/child-services-seo.ts"
"/fontanero/grupos-presion-agua","seo map faq topics","¿Cuánto cuesta instalar un grupo de presión?","data/seo/fontanero-seo-map.ts"
"/fontanero/grupos-presion-agua","seo map faq topics","¿Por qué no arranca la bomba de agua?","data/seo/fontanero-seo-map.ts"
"/fontanero/grupos-presion-agua","seo map faq topics","¿Sirve un grupo de presión para una vivienda?","data/seo/fontanero-seo-map.ts"
"/fontanero/grupos-presion-agua","seo map faq topics","¿Reparáis grupos de presión de comunidades?","data/seo/fontanero-seo-map.ts"
"/fontanero/descalcificadores-osmosis","lockedPrimaryKw","mantenimiento descalcificador","data/fontanero/child-services-seo.ts"
"/fontanero/descalcificadores-osmosis","secondaryKw","mantenimiento de descalcificador","data/fontanero/child-services-seo.ts"
"/fontanero/descalcificadores-osmosis","secondaryKw","mantenimiento osmosis","data/fontanero/child-services-seo.ts"
"/fontanero/descalcificadores-osmosis","secondaryKw","mantenimiento osmosis inversa","data/fontanero/child-services-seo.ts"
"/fontanero/descalcificadores-osmosis","secondaryKw","reparar descalcificador","data/fontanero/child-services-seo.ts"
"/fontanero/descalcificadores-osmosis","secondaryKw","reparacion descalcificadores","data/fontanero/child-services-seo.ts"
"/fontanero/descalcificadores-osmosis","secondaryKw","reparar osmosis","data/fontanero/child-services-seo.ts"
"/fontanero/descalcificadores-osmosis","secondaryKw","instalar osmosis valencia","data/fontanero/child-services-seo.ts"
"/fontanero/descalcificadores-osmosis","secondaryKw","instalar descalcificador valencia","data/fontanero/child-services-seo.ts"
"/fontanero/descalcificadores-osmosis","seoBlockKw","mantenimiento descalcificador","data/fontanero/child-services-seo.ts"
"/fontanero/descalcificadores-osmosis","seoBlockKw","mantenimiento de descalcificador","data/fontanero/child-services-seo.ts"
"/fontanero/descalcificadores-osmosis","seoBlockKw","mantenimiento osmosis","data/fontanero/child-services-seo.ts"
"/fontanero/descalcificadores-osmosis","seoBlockKw","mantenimiento osmosis inversa","data/fontanero/child-services-seo.ts"
"/fontanero/descalcificadores-osmosis","seoBlockKw","reparar descalcificador","data/fontanero/child-services-seo.ts"
"/fontanero/descalcificadores-osmosis","seoBlockKw","reparacion descalcificadores","data/fontanero/child-services-seo.ts"
"/fontanero/descalcificadores-osmosis","seoBlockKw","reparar osmosis","data/fontanero/child-services-seo.ts"
"/fontanero/descalcificadores-osmosis","seoBlockKw","instalar osmosis valencia","data/fontanero/child-services-seo.ts"
"/fontanero/descalcificadores-osmosis","faqKw","cuanto cuesta mantenimiento descalcificador","data/fontanero/child-services-seo.ts"
"/fontanero/descalcificadores-osmosis","faqKw","cada cuanto cambiar filtros osmosis","data/fontanero/child-services-seo.ts"
"/fontanero/descalcificadores-osmosis","faqKw","cuando reparar descalcificador","data/fontanero/child-services-seo.ts"
"/fontanero/descalcificadores-osmosis","faqKw","mantenimiento osmosis inversa","data/fontanero/child-services-seo.ts"
"/fontanero/descalcificadores-osmosis","keywordTags","mantenimiento descalcificador","data/fontanero/child-services-seo.ts"
"/fontanero/descalcificadores-osmosis","keywordTags","mantenimiento osmosis","data/fontanero/child-services-seo.ts"
"/fontanero/descalcificadores-osmosis","keywordTags","reparar descalcificador","data/fontanero/child-services-seo.ts"
"/fontanero/descalcificadores-osmosis","keywordTags","reparar osmosis","data/fontanero/child-services-seo.ts"
"/fontanero/descalcificadores-osmosis","keywordTags","instalar osmosis valencia","data/fontanero/child-services-seo.ts"
"/fontanero/descalcificadores-osmosis","keywordTags","descalcificador doméstico","data/fontanero/child-services-seo.ts"
"/fontanero/descalcificadores-osmosis","seo map faq topics","¿Cuánto cuesta el mantenimiento de un descalcificador?","data/seo/fontanero-seo-map.ts"
"/fontanero/descalcificadores-osmosis","seo map faq topics","¿Cada cuánto cambiar filtros de ósmosis?","data/seo/fontanero-seo-map.ts"
"/fontanero/descalcificadores-osmosis","seo map faq topics","¿Reparáis descalcificadores y ósmosis?","data/seo/fontanero-seo-map.ts"
"/fontanero/descalcificadores-osmosis","seo map faq topics","¿Instaláis equipos de ósmosis inversa?","data/seo/fontanero-seo-map.ts"
"/fontanero/instalacion-cambio-inodoros","lockedPrimaryKw","instalar inodoro","data/fontanero/child-services-seo.ts"
"/fontanero/instalacion-cambio-inodoros","secondaryKw","instalar inodoro","data/fontanero/child-services-seo.ts"
"/fontanero/instalacion-cambio-inodoros","secondaryKw","instalacion sanitario","data/fontanero/child-services-seo.ts"
"/fontanero/instalacion-cambio-inodoros","secondaryKw","instalacion de sanitario","data/fontanero/child-services-seo.ts"
"/fontanero/instalacion-cambio-inodoros","secondaryKw","instalacion de sanitarios","data/fontanero/child-services-seo.ts"
"/fontanero/instalacion-cambio-inodoros","secondaryKw","instalar sanitario","data/fontanero/child-services-seo.ts"
"/fontanero/instalacion-cambio-inodoros","secondaryKw","cambiar vater","data/fontanero/child-services-seo.ts"
"/fontanero/instalacion-cambio-inodoros","secondaryKw","instalar vater","data/fontanero/child-services-seo.ts"
"/fontanero/instalacion-cambio-inodoros","secondaryKw","precio cambiar inodoro","data/fontanero/child-services-seo.ts"
"/fontanero/instalacion-cambio-inodoros","secondaryKw","cuanto cobra un fontanero por cambiar un inodoro","data/fontanero/child-services-seo.ts"
"/fontanero/instalacion-cambio-inodoros","seoBlockKw","cambiar inodoro","data/fontanero/child-services-seo.ts"
"/fontanero/instalacion-cambio-inodoros","seoBlockKw","instalar inodoro","data/fontanero/child-services-seo.ts"
"/fontanero/instalacion-cambio-inodoros","seoBlockKw","instalacion sanitario","data/fontanero/child-services-seo.ts"
"/fontanero/instalacion-cambio-inodoros","seoBlockKw","instalar sanitario","data/fontanero/child-services-seo.ts"
"/fontanero/instalacion-cambio-inodoros","seoBlockKw","cambiar vater","data/fontanero/child-services-seo.ts"
"/fontanero/instalacion-cambio-inodoros","seoBlockKw","instalar vater","data/fontanero/child-services-seo.ts"
"/fontanero/instalacion-cambio-inodoros","seoBlockKw","colocacion de sanitarios","data/fontanero/child-services-seo.ts"
"/fontanero/instalacion-cambio-inodoros","seoBlockKw","precio instalacion sanitarios","data/fontanero/child-services-seo.ts"
"/fontanero/instalacion-cambio-inodoros","seoBlockKw","cuanto cobra un fontanero por cambiar un inodoro","data/fontanero/child-services-seo.ts"
"/fontanero/instalacion-cambio-inodoros","faqKw","cuanto cuesta instalar un inodoro","data/fontanero/child-services-seo.ts"
"/fontanero/instalacion-cambio-inodoros","faqKw","cuanto cuesta cambiar un inodoro","data/fontanero/child-services-seo.ts"
"/fontanero/instalacion-cambio-inodoros","faqKw","instalar inodoro","data/fontanero/child-services-seo.ts"
"/fontanero/instalacion-cambio-inodoros","faqKw","cambiar vater precio","data/fontanero/child-services-seo.ts"
"/fontanero/instalacion-cambio-inodoros","faqKw","cuanto cobra un fontanero por cambiar un inodoro","data/fontanero/child-services-seo.ts"
"/fontanero/instalacion-cambio-inodoros","keywordTags","cambiar inodoro","data/fontanero/child-services-seo.ts"
"/fontanero/instalacion-cambio-inodoros","keywordTags","instalar inodoro","data/fontanero/child-services-seo.ts"
"/fontanero/instalacion-cambio-inodoros","keywordTags","instalacion sanitario","data/fontanero/child-services-seo.ts"
"/fontanero/instalacion-cambio-inodoros","keywordTags","instalar sanitario","data/fontanero/child-services-seo.ts"
"/fontanero/instalacion-cambio-inodoros","keywordTags","precio cambiar inodoro","data/fontanero/child-services-seo.ts"
"/fontanero/instalacion-cambio-inodoros","keywordTags","cuanto cobra un fontanero por cambiar un inodoro","data/fontanero/child-services-seo.ts"
"/fontanero/instalacion-cambio-inodoros","seo map faq topics","¿Cuánto cuesta instalar un inodoro?","data/seo/fontanero-seo-map.ts"
"/fontanero/instalacion-cambio-inodoros","seo map faq topics","¿Cuánto cuesta cambiar un inodoro?","data/seo/fontanero-seo-map.ts"
"/fontanero/instalacion-cambio-inodoros","seo map faq topics","¿Incluye retirada del sanitario antiguo?","data/seo/fontanero-seo-map.ts"
"/fontanero/instalacion-cambio-inodoros","seo map faq topics","¿Cambiáis váteres y sanitarios?","data/seo/fontanero-seo-map.ts"
"/fontanero/instalacion-lavabos","lockedPrimaryKw","cambiar lavabo","data/fontanero/child-services-seo.ts"
"/fontanero/instalacion-lavabos","secondaryKw","cambiar desague lavabo","data/fontanero/child-services-seo.ts"
"/fontanero/instalacion-lavabos","secondaryKw","cambiar sifon lavabo","data/fontanero/child-services-seo.ts"
"/fontanero/instalacion-lavabos","secondaryKw","cambiar valvula lavabo","data/fontanero/child-services-seo.ts"
"/fontanero/instalacion-lavabos","secondaryKw","instalar lavabo","data/fontanero/child-services-seo.ts"
"/fontanero/instalacion-lavabos","secondaryKw","instalar lavabo suspendido","data/fontanero/child-services-seo.ts"
"/fontanero/instalacion-lavabos","secondaryKw","montaje lavabo","data/fontanero/child-services-seo.ts"
"/fontanero/instalacion-lavabos","secondaryKw","montar lavabo sobre encimera","data/fontanero/child-services-seo.ts"
"/fontanero/instalacion-lavabos","secondaryKw","arreglar lavabo que gotea","data/fontanero/child-services-seo.ts"
"/fontanero/instalacion-lavabos","seoBlockKw","cambiar lavabo","data/fontanero/child-services-seo.ts"
"/fontanero/instalacion-lavabos","seoBlockKw","cambiar desague lavabo","data/fontanero/child-services-seo.ts"
"/fontanero/instalacion-lavabos","seoBlockKw","cambiar sifon lavabo","data/fontanero/child-services-seo.ts"
"/fontanero/instalacion-lavabos","seoBlockKw","cambiar valvula lavabo","data/fontanero/child-services-seo.ts"
"/fontanero/instalacion-lavabos","seoBlockKw","instalar lavabo","data/fontanero/child-services-seo.ts"
"/fontanero/instalacion-lavabos","seoBlockKw","montaje lavabo","data/fontanero/child-services-seo.ts"
"/fontanero/instalacion-lavabos","seoBlockKw","poner desague lavabo","data/fontanero/child-services-seo.ts"
"/fontanero/instalacion-lavabos","seoBlockKw","arreglar lavabo que gotea","data/fontanero/child-services-seo.ts"
"/fontanero/instalacion-lavabos","faqKw","cuanto cuesta cambiar un lavabo","data/fontanero/child-services-seo.ts"
"/fontanero/instalacion-lavabos","faqKw","cambiar desague lavabo","data/fontanero/child-services-seo.ts"
"/fontanero/instalacion-lavabos","faqKw","cambiar sifon lavabo","data/fontanero/child-services-seo.ts"
"/fontanero/instalacion-lavabos","faqKw","instalar lavabo suspendido","data/fontanero/child-services-seo.ts"
"/fontanero/instalacion-lavabos","keywordTags","cambiar lavabo","data/fontanero/child-services-seo.ts"
"/fontanero/instalacion-lavabos","keywordTags","instalar lavabo","data/fontanero/child-services-seo.ts"
"/fontanero/instalacion-lavabos","keywordTags","cambiar desague lavabo","data/fontanero/child-services-seo.ts"
"/fontanero/instalacion-lavabos","keywordTags","cambiar sifon lavabo","data/fontanero/child-services-seo.ts"
"/fontanero/instalacion-lavabos","keywordTags","cambiar valvula lavabo","data/fontanero/child-services-seo.ts"
"/fontanero/instalacion-lavabos","keywordTags","montaje lavabo","data/fontanero/child-services-seo.ts"
"/fontanero/instalacion-lavabos","seo map faq topics","¿Cuánto cuesta cambiar un lavabo?","data/seo/fontanero-seo-map.ts"
"/fontanero/instalacion-lavabos","seo map faq topics","¿Podéis cambiar el desagüe o sifón del lavabo?","data/seo/fontanero-seo-map.ts"
"/fontanero/instalacion-lavabos","seo map faq topics","¿Instaláis lavabos suspendidos o sobre encimera?","data/seo/fontanero-seo-map.ts"
"/fontanero/instalacion-lavabos","seo map faq topics","¿Qué hacer si el lavabo gotea por abajo?","data/seo/fontanero-seo-map.ts"
"/fontanero/mamparas-ducha","lockedPrimaryKw","cambiar mampara ducha","data/fontanero/child-services-seo.ts"
"/fontanero/mamparas-ducha","secondaryKw","reparacion de mamparas de baño","data/fontanero/child-services-seo.ts"
"/fontanero/mamparas-ducha","secondaryKw","reparacion de mamparas de ducha","data/fontanero/child-services-seo.ts"
"/fontanero/mamparas-ducha","secondaryKw","reparar mampara ducha","data/fontanero/child-services-seo.ts"
"/fontanero/mamparas-ducha","secondaryKw","arreglar mampara ducha","data/fontanero/child-services-seo.ts"
"/fontanero/mamparas-ducha","secondaryKw","sustituir mampara de ducha","data/fontanero/child-services-seo.ts"
"/fontanero/mamparas-ducha","secondaryKw","poner una mampara de ducha","data/fontanero/child-services-seo.ts"
"/fontanero/mamparas-ducha","secondaryKw","cambiar mampara bañera","data/fontanero/child-services-seo.ts"
"/fontanero/mamparas-ducha","secondaryKw","instalacion mampara ducha","data/fontanero/child-services-seo.ts"
"/fontanero/mamparas-ducha","seoBlockKw","cambiar mampara ducha","data/fontanero/child-services-seo.ts"
"/fontanero/mamparas-ducha","seoBlockKw","reparacion de mamparas de baño","data/fontanero/child-services-seo.ts"
"/fontanero/mamparas-ducha","seoBlockKw","reparacion de mamparas de ducha","data/fontanero/child-services-seo.ts"
"/fontanero/mamparas-ducha","seoBlockKw","reparar mampara ducha","data/fontanero/child-services-seo.ts"
"/fontanero/mamparas-ducha","seoBlockKw","arreglar mampara ducha","data/fontanero/child-services-seo.ts"
"/fontanero/mamparas-ducha","seoBlockKw","sustituir mampara de ducha","data/fontanero/child-services-seo.ts"
"/fontanero/mamparas-ducha","seoBlockKw","poner una mampara de ducha","data/fontanero/child-services-seo.ts"
"/fontanero/mamparas-ducha","seoBlockKw","instalacion mampara ducha","data/fontanero/child-services-seo.ts"
"/fontanero/mamparas-ducha","faqKw","cuanto cuesta cambiar una mampara de ducha","data/fontanero/child-services-seo.ts"
"/fontanero/mamparas-ducha","faqKw","reparar mampara ducha","data/fontanero/child-services-seo.ts"
"/fontanero/mamparas-ducha","faqKw","arreglar puerta mampara ducha","data/fontanero/child-services-seo.ts"
"/fontanero/mamparas-ducha","faqKw","poner una mampara de ducha","data/fontanero/child-services-seo.ts"
"/fontanero/mamparas-ducha","keywordTags","cambiar mampara ducha","data/fontanero/child-services-seo.ts"
"/fontanero/mamparas-ducha","keywordTags","reparar mampara ducha","data/fontanero/child-services-seo.ts"
"/fontanero/mamparas-ducha","keywordTags","reparacion de mamparas de ducha","data/fontanero/child-services-seo.ts"
"/fontanero/mamparas-ducha","keywordTags","arreglar mampara ducha","data/fontanero/child-services-seo.ts"
"/fontanero/mamparas-ducha","keywordTags","sustituir mampara de ducha","data/fontanero/child-services-seo.ts"
"/fontanero/mamparas-ducha","keywordTags","instalacion mampara ducha","data/fontanero/child-services-seo.ts"
"/fontanero/mamparas-ducha","seo map faq topics","¿Cuánto cuesta cambiar una mampara de ducha?","data/seo/fontanero-seo-map.ts"
"/fontanero/mamparas-ducha","seo map faq topics","¿Reparáis puertas de mampara que no cierran?","data/seo/fontanero-seo-map.ts"
"/fontanero/mamparas-ducha","seo map faq topics","¿Podéis instalar una mampara si ya la tengo comprada?","data/seo/fontanero-seo-map.ts"
"/fontanero/mamparas-ducha","seo map faq topics","¿Cuándo conviene reparar o sustituir la mampara?","data/seo/fontanero-seo-map.ts"
"/fontanero/bajantes","lockedPrimaryKw","reparacion de bajantes sin obras","data/fontanero/child-services-seo.ts"
"/fontanero/bajantes","secondaryKw","reparar bajantes sin obras","data/fontanero/child-services-seo.ts"
"/fontanero/bajantes","secondaryKw","reparar bajante sin obras","data/fontanero/child-services-seo.ts"
"/fontanero/bajantes","secondaryKw","reparacion de bajantes","data/fontanero/child-services-seo.ts"
"/fontanero/bajantes","secondaryKw","reparar bajante pvc","data/fontanero/child-services-seo.ts"
"/fontanero/bajantes","secondaryKw","reparacion bajantes","data/fontanero/child-services-seo.ts"
"/fontanero/bajantes","secondaryKw","arreglar bajantes","data/fontanero/child-services-seo.ts"
"/fontanero/bajantes","secondaryKw","cambiar bajante comunidad","data/fontanero/child-services-seo.ts"
"/fontanero/bajantes","secondaryKw","cambiar bajantes comunidad precio","data/fontanero/child-services-seo.ts"
"/fontanero/bajantes","secondaryKw","reparacion bajantes comunidad","data/fontanero/child-services-seo.ts"
"/fontanero/bajantes","seoBlockKw","reparacion de bajantes sin obras","data/fontanero/child-services-seo.ts"
"/fontanero/bajantes","seoBlockKw","reparar bajantes sin obras","data/fontanero/child-services-seo.ts"
"/fontanero/bajantes","seoBlockKw","reparar bajante sin obras","data/fontanero/child-services-seo.ts"
"/fontanero/bajantes","seoBlockKw","reparacion de bajantes","data/fontanero/child-services-seo.ts"
"/fontanero/bajantes","seoBlockKw","reparar bajante pvc","data/fontanero/child-services-seo.ts"
"/fontanero/bajantes","seoBlockKw","cambiar bajante comunidad","data/fontanero/child-services-seo.ts"
"/fontanero/bajantes","seoBlockKw","cambio de bajantes comunidad","data/fontanero/child-services-seo.ts"
"/fontanero/bajantes","seoBlockKw","cambiar bajantes comunidad precio","data/fontanero/child-services-seo.ts"
"/fontanero/bajantes","seoBlockKw","sustitucion bajantes valencia","data/fontanero/child-services-seo.ts"
"/fontanero/bajantes","faqKw","cuanto cuesta reparar una bajante","data/fontanero/child-services-seo.ts"
"/fontanero/bajantes","faqKw","reparacion de bajantes sin obras","data/fontanero/child-services-seo.ts"
"/fontanero/bajantes","faqKw","reparar bajante sin obras","data/fontanero/child-services-seo.ts"
"/fontanero/bajantes","faqKw","cambiar bajante comunidad","data/fontanero/child-services-seo.ts"
"/fontanero/bajantes","faqKw","reparar bajante pvc","data/fontanero/child-services-seo.ts"
"/fontanero/bajantes","keywordTags","reparacion de bajantes sin obras","data/fontanero/child-services-seo.ts"
"/fontanero/bajantes","keywordTags","reparar bajantes sin obras","data/fontanero/child-services-seo.ts"
"/fontanero/bajantes","keywordTags","reparar bajante sin obras","data/fontanero/child-services-seo.ts"
"/fontanero/bajantes","keywordTags","reparacion de bajantes","data/fontanero/child-services-seo.ts"
"/fontanero/bajantes","keywordTags","reparar bajante pvc","data/fontanero/child-services-seo.ts"
"/fontanero/bajantes","keywordTags","cambiar bajante comunidad","data/fontanero/child-services-seo.ts"
"/fontanero/bajantes","seo map faq topics","¿Cuánto cuesta reparar una bajante?","data/seo/fontanero-seo-map.ts"
"/fontanero/bajantes","seo map faq topics","¿Se pueden reparar bajantes sin obras?","data/seo/fontanero-seo-map.ts"
"/fontanero/bajantes","seo map faq topics","¿Cuándo cambiar una bajante de comunidad?","data/seo/fontanero-seo-map.ts"
"/fontanero/bajantes","seo map faq topics","¿Reparáis bajantes de PVC?","data/seo/fontanero-seo-map.ts"
"/fontanero/reparacion-duchas","lockedPrimaryKw","cambiar ducha","data/fontanero/child-services-seo.ts"
"/fontanero/reparacion-duchas","secondaryKw","cambio de ducha","data/fontanero/child-services-seo.ts"
"/fontanero/reparacion-duchas","secondaryKw","reforma ducha","data/fontanero/child-services-seo.ts"
"/fontanero/reparacion-duchas","secondaryKw","reformas de duchas","data/fontanero/child-services-seo.ts"
"/fontanero/reparacion-duchas","secondaryKw","reformas duchas baños","data/fontanero/child-services-seo.ts"
"/fontanero/reparacion-duchas","secondaryKw","cambiar columna de ducha","data/fontanero/child-services-seo.ts"
"/fontanero/reparacion-duchas","secondaryKw","cambiar desague ducha","data/fontanero/child-services-seo.ts"
"/fontanero/reparacion-duchas","secondaryKw","ducha gotea","data/fontanero/child-services-seo.ts"
"/fontanero/reparacion-duchas","secondaryKw","ducha goteando","data/fontanero/child-services-seo.ts"
"/fontanero/reparacion-duchas","secondaryKw","goteo ducha","data/fontanero/child-services-seo.ts"
"/fontanero/reparacion-duchas","secondaryKw","arreglar ducha que gotea","data/fontanero/child-services-seo.ts"
"/fontanero/reparacion-duchas","secondaryKw","cambiar flexo ducha","data/fontanero/child-services-seo.ts"
"/fontanero/reparacion-duchas","secondaryKw","cambiar manguera ducha","data/fontanero/child-services-seo.ts"
"/fontanero/reparacion-duchas","secondaryKw","reparar ducha que gotea","data/fontanero/child-services-seo.ts"
"/fontanero/reparacion-duchas","secondaryKw","reparar grifo termostatico de ducha","data/fontanero/child-services-seo.ts"
"/fontanero/reparacion-duchas","secondaryKw","reparar grifo de ducha que gotea","data/fontanero/child-services-seo.ts"
"/fontanero/reparacion-duchas","secondaryKw","reparar grifo banera","data/fontanero/child-services-seo.ts"
"/fontanero/reparacion-duchas","seoBlockKw","cambiar ducha","data/fontanero/child-services-seo.ts"
"/fontanero/reparacion-duchas","seoBlockKw","cambio de ducha","data/fontanero/child-services-seo.ts"
"/fontanero/reparacion-duchas","seoBlockKw","reforma ducha","data/fontanero/child-services-seo.ts"
"/fontanero/reparacion-duchas","seoBlockKw","cambiar columna de ducha","data/fontanero/child-services-seo.ts"
"/fontanero/reparacion-duchas","seoBlockKw","cambiar desague ducha","data/fontanero/child-services-seo.ts"
"/fontanero/reparacion-duchas","seoBlockKw","ducha gotea","data/fontanero/child-services-seo.ts"
"/fontanero/reparacion-duchas","seoBlockKw","cambiar flexo ducha","data/fontanero/child-services-seo.ts"
"/fontanero/reparacion-duchas","seoBlockKw","arreglar ducha que gotea","data/fontanero/child-services-seo.ts"
"/fontanero/reparacion-duchas","seoBlockKw","reparar ducha que gotea","data/fontanero/child-services-seo.ts"
"/fontanero/reparacion-duchas","seoBlockKw","reparar grifo termostatico de ducha","data/fontanero/child-services-seo.ts"
"/fontanero/reparacion-duchas","seoBlockKw","reparar grifo de ducha que gotea","data/fontanero/child-services-seo.ts"
"/fontanero/reparacion-duchas","seoBlockKw","cambio de ducha precio","data/fontanero/child-services-seo.ts"
"/fontanero/reparacion-duchas","faqKw","cuanto cuesta cambiar una ducha","data/fontanero/child-services-seo.ts"
"/fontanero/reparacion-duchas","faqKw","ducha gotea","data/fontanero/child-services-seo.ts"
"/fontanero/reparacion-duchas","faqKw","cambiar columna de ducha","data/fontanero/child-services-seo.ts"
"/fontanero/reparacion-duchas","faqKw","cambiar desague ducha","data/fontanero/child-services-seo.ts"
"/fontanero/reparacion-duchas","faqKw","reparar ducha que gotea","data/fontanero/child-services-seo.ts"
"/fontanero/reparacion-duchas","faqKw","reparar grifo termostatico de ducha","data/fontanero/child-services-seo.ts"
"/fontanero/reparacion-duchas","faqKw","reparar grifo de ducha que gotea","data/fontanero/child-services-seo.ts"
"/fontanero/reparacion-duchas","keywordTags","cambiar ducha","data/fontanero/child-services-seo.ts"
"/fontanero/reparacion-duchas","keywordTags","cambio de ducha","data/fontanero/child-services-seo.ts"
"/fontanero/reparacion-duchas","keywordTags","cambiar columna de ducha","data/fontanero/child-services-seo.ts"
"/fontanero/reparacion-duchas","keywordTags","reparar ducha que gotea","data/fontanero/child-services-seo.ts"
"/fontanero/reparacion-duchas","keywordTags","reparar grifo termostatico de ducha","data/fontanero/child-services-seo.ts"
"/fontanero/reparacion-duchas","keywordTags","reparar grifo de ducha que gotea","data/fontanero/child-services-seo.ts"
"/fontanero/reparacion-duchas","seo map faq topics","¿Cuánto cuesta cambiar una ducha?","data/seo/fontanero-seo-map.ts"
"/fontanero/reparacion-duchas","seo map faq topics","¿Reparáis duchas que gotean?","data/seo/fontanero-seo-map.ts"
"/fontanero/reparacion-duchas","seo map faq topics","¿Podéis cambiar columna o flexo de ducha?","data/seo/fontanero-seo-map.ts"
"/fontanero/reparacion-duchas","seo map faq topics","¿Esta página incluye plato de ducha o mampara?","data/seo/fontanero-seo-map.ts"
"/fontanero/madrid","city primary","fontanero madrid","data/city-seo/fontanero.ts"
"/fontanero/madrid","city primary","fontanero urgente madrid","data/city-seo/fontanero.ts"
"/fontanero/madrid","city primary","fontanería urgente madrid","data/city-seo/fontanero.ts"
"/fontanero/madrid","city primary","fontanero 24 horas madrid","data/city-seo/fontanero.ts"
"/fontanero/madrid","city primary","reparación fugas madrid","data/city-seo/fontanero.ts"
"/fontanero/madrid","city primary","fontanero centro madrid","data/city-seo/fontanero.ts"
"/fontanero/madrid","city secondary","cambio tuberías madrid","data/city-seo/fontanero.ts"
"/fontanero/madrid","city secondary","fontanero edificios antiguos madrid","data/city-seo/fontanero.ts"
"/fontanero/madrid","city secondary","problemas presión agua madrid","data/city-seo/fontanero.ts"
"/fontanero/madrid","city secondary","grupo presión madrid","data/city-seo/fontanero.ts"
"/fontanero/madrid","city secondary","tuberías plomo madrid","data/city-seo/fontanero.ts"
"/fontanero/madrid","city secondary","cal agua madrid","data/city-seo/fontanero.ts"
"/fontanero/madrid","city secondary","bajantes comunitarias madrid","data/city-seo/fontanero.ts"
"/fontanero/madrid","city longTail","por qué varía presión agua en edificios madrid","data/city-seo/fontanero.ts"
"/fontanero/madrid","city longTail","cuándo cambiar tuberías plomo madrid","data/city-seo/fontanero.ts"
"/fontanero/madrid","city longTail","fontanero edificios históricos madrid centro","data/city-seo/fontanero.ts"
"/fontanero/madrid","city longTail","fuga bajante comunitaria madrid qué hacer","data/city-seo/fontanero.ts"
"/fontanero/madrid","city longTail","agua dura madrid soluciones cal","data/city-seo/fontanero.ts"
"/fontanero/madrid","city longTail","fontanero urgente sábado noche madrid","data/city-seo/fontanero.ts"
"/fontanero/barcelona","city primary","fontanero barcelona","data/city-seo/fontanero.ts"
"/fontanero/barcelona","city primary","fontanero urgente barcelona","data/city-seo/fontanero.ts"
"/fontanero/barcelona","city primary","fontanero eixample","data/city-seo/fontanero.ts"
"/fontanero/barcelona","city primary","fontanería barcelona","data/city-seo/fontanero.ts"
"/fontanero/barcelona","city primary","fontanero 24 horas barcelona","data/city-seo/fontanero.ts"
"/fontanero/barcelona","city primary","reparación fugas barcelona","data/city-seo/fontanero.ts"
"/fontanero/barcelona","city secondary","fontanero edificios antiguos barcelona","data/city-seo/fontanero.ts"
"/fontanero/barcelona","city secondary","humedad baños eixample","data/city-seo/fontanero.ts"
"/fontanero/barcelona","city secondary","cambio tuberías barcelona","data/city-seo/fontanero.ts"
"/fontanero/barcelona","city secondary","fontanero ciutat vella","data/city-seo/fontanero.ts"
"/fontanero/barcelona","city secondary","ITE fontanería barcelona","data/city-seo/fontanero.ts"
"/fontanero/barcelona","city secondary","tuberías antiguas eixample","data/city-seo/fontanero.ts"
"/fontanero/barcelona","city secondary","fontanero gracia barcelona","data/city-seo/fontanero.ts"
"/fontanero/barcelona","city longTail","por qué tanta humedad baños eixample","data/city-seo/fontanero.ts"
"/fontanero/barcelona","city longTail","cuándo cambiar tuberías modernistas barcelona","data/city-seo/fontanero.ts"
"/fontanero/barcelona","city longTail","fontanero edificios históricos ciutat vella","data/city-seo/fontanero.ts"
"/fontanero/barcelona","city longTail","ITE barcelona qué cubre fontanería","data/city-seo/fontanero.ts"
"/fontanero/barcelona","city longTail","oxidación tuberías barcelona humedad","data/city-seo/fontanero.ts"
"/fontanero/barcelona","city longTail","reforma baño eixample particularidades","data/city-seo/fontanero.ts"
"/fontanero/valencia","city primary","fontanero valencia","data/city-seo/fontanero.ts"
"/fontanero/valencia","city primary","fontanero urgente valencia","data/city-seo/fontanero.ts"
"/fontanero/valencia","city primary","fontanero 24 horas valencia","data/city-seo/fontanero.ts"
"/fontanero/valencia","city primary","servicio de fontanería valencia","data/city-seo/fontanero.ts"
"/fontanero/valencia","city primary","fontaneros valencia","data/city-seo/fontanero.ts"
"/fontanero/valencia","city primary","reparación de fugas valencia","data/city-seo/fontanero.ts"
"/fontanero/valencia","city secondary","reparación de tuberías valencia","data/city-seo/fontanero.ts"
"/fontanero/valencia","city secondary","fuga de agua valencia","data/city-seo/fontanero.ts"
"/fontanero/valencia","city secondary","desatasco de tuberías valencia","data/city-seo/fontanero.ts"
"/fontanero/valencia","city secondary","instalación de grifos valencia","data/city-seo/fontanero.ts"
"/fontanero/valencia","city secondary","cambio de sanitarios valencia","data/city-seo/fontanero.ts"
"/fontanero/valencia","city secondary","averías de fontanería valencia","data/city-seo/fontanero.ts"
"/fontanero/valencia","city secondary","fontanero económico valencia","data/city-seo/fontanero.ts"
"/fontanero/valencia","city secondary","urgencias de fontanería valencia","data/city-seo/fontanero.ts"
"/fontanero/valencia","city secondary","reparación de cisterna valencia","data/city-seo/fontanero.ts"
"/fontanero/valencia","city secondary","mantenimiento de fontanería valencia","data/city-seo/fontanero.ts"
"/fontanero/valencia","city longTail","cuánto cuesta un fontanero en valencia","data/city-seo/fontanero.ts"
"/fontanero/valencia","city longTail","cuándo llamar a un fontanero urgente","data/city-seo/fontanero.ts"
"/fontanero/valencia","city longTail","qué hacer ante una fuga de agua","data/city-seo/fontanero.ts"
"/fontanero/valencia","city longTail","cuánto tarda un fontanero urgente","data/city-seo/fontanero.ts"
"/fontanero/valencia","city longTail","salinidad mar afecta tuberías valencia","data/city-seo/fontanero.ts"
"/fontanero/valencia","city longTail","fontanero edificios históricos valencia centro","data/city-seo/fontanero.ts"
"/fontanero/sevilla","city primary","fontanero sevilla","data/city-seo/fontanero.ts"
"/fontanero/sevilla","city primary","fontanero urgente sevilla","data/city-seo/fontanero.ts"
"/fontanero/sevilla","city primary","fontanería urgente sevilla","data/city-seo/fontanero.ts"
"/fontanero/sevilla","city primary","fontanero 24 horas sevilla","data/city-seo/fontanero.ts"
"/fontanero/sevilla","city primary","reparación fugas sevilla","data/city-seo/fontanero.ts"
"/fontanero/sevilla","city primary","fontanero nervión sevilla","data/city-seo/fontanero.ts"
"/fontanero/sevilla","city secondary","fontanero triana sevilla","data/city-seo/fontanero.ts"
"/fontanero/sevilla","city secondary","fontanero edificios antiguos sevilla","data/city-seo/fontanero.ts"
"/fontanero/sevilla","city secondary","tuberías calor sevilla","data/city-seo/fontanero.ts"
"/fontanero/sevilla","city secondary","termo averiado sevilla","data/city-seo/fontanero.ts"
"/fontanero/sevilla","city secondary","presión agua verano sevilla","data/city-seo/fontanero.ts"
"/fontanero/sevilla","city secondary","fontanero centro histórico sevilla","data/city-seo/fontanero.ts"
"/fontanero/sevilla","city secondary","fontanero macarena sevilla","data/city-seo/fontanero.ts"
"/fontanero/sevilla","city longTail","por qué se rompen tuberías verano sevilla","data/city-seo/fontanero.ts"
"/fontanero/sevilla","city longTail","termo no funciona bien verano sevilla","data/city-seo/fontanero.ts"
"/fontanero/sevilla","city longTail","fuga edificio antiguo centro sevilla coste","data/city-seo/fontanero.ts"
"/fontanero/sevilla","city longTail","baja presión agua verano sevilla","data/city-seo/fontanero.ts"
"/fontanero/sevilla","city longTail","fontanero urgente fin de semana sevilla","data/city-seo/fontanero.ts"
"/fontanero/sevilla","city longTail","mantener tuberías calor extremo sevilla","data/city-seo/fontanero.ts"
"/fontanero/malaga","city primary","fontanero malaga","data/city-seo/fontanero.ts"
"/fontanero/malaga","city primary","fontanero urgente malaga","data/city-seo/fontanero.ts"
"/fontanero/malaga","city primary","fontanería urgente malaga","data/city-seo/fontanero.ts"
"/fontanero/malaga","city primary","fontanero 24 horas malaga","data/city-seo/fontanero.ts"
"/fontanero/malaga","city primary","reparación fugas malaga","data/city-seo/fontanero.ts"
"/fontanero/malaga","city primary","fontanero centro malaga","data/city-seo/fontanero.ts"
"/fontanero/malaga","city secondary","fontanero zona costa malaga","data/city-seo/fontanero.ts"
"/fontanero/malaga","city secondary","corrosión salina tuberías malaga","data/city-seo/fontanero.ts"
"/fontanero/malaga","city secondary","fontanero vivienda turística malaga","data/city-seo/fontanero.ts"
"/fontanero/malaga","city secondary","grifos estropeados cerca mar malaga","data/city-seo/fontanero.ts"
"/fontanero/malaga","city secondary","cambio tuberías malaga","data/city-seo/fontanero.ts"
"/fontanero/malaga","city secondary","fontanero pedregalejo malaga","data/city-seo/fontanero.ts"
"/fontanero/malaga","city secondary","fontanero malagueta","data/city-seo/fontanero.ts"
"/fontanero/malaga","city longTail","cómo afecta salinidad mar tuberías malaga","data/city-seo/fontanero.ts"
"/fontanero/malaga","city longTail","mantenimiento vivienda turística costa malaga","data/city-seo/fontanero.ts"
"/fontanero/malaga","city longTail","por qué se estropean grifos cerca mar malaga","data/city-seo/fontanero.ts"
"/fontanero/malaga","city longTail","cuánto cuesta cambiar tuberías piso antiguo malaga","data/city-seo/fontanero.ts"
"/fontanero/malaga","city longTail","fontanero urgente temporada alta malaga","data/city-seo/fontanero.ts"
"/fontanero/malaga","city longTail","prevenir averías vivienda vacía malaga","data/city-seo/fontanero.ts"
"/fontanero/zaragoza","city primary","fontanero zaragoza","data/city-seo/fontanero.ts"
"/fontanero/zaragoza","city primary","fontanero urgente zaragoza","data/city-seo/fontanero.ts"
"/fontanero/zaragoza","city primary","fontanería urgente zaragoza","data/city-seo/fontanero.ts"
"/fontanero/zaragoza","city primary","fontanero 24 horas zaragoza","data/city-seo/fontanero.ts"
"/fontanero/zaragoza","city primary","reparación fugas zaragoza","data/city-seo/fontanero.ts"
"/fontanero/zaragoza","city primary","fontanero casco viejo zaragoza","data/city-seo/fontanero.ts"
"/fontanero/zaragoza","city secondary","fontanero congelación tuberías zaragoza","data/city-seo/fontanero.ts"
"/fontanero/zaragoza","city secondary","rotura tubería helada zaragoza","data/city-seo/fontanero.ts"
"/fontanero/zaragoza","city secondary","cierzo afecta tuberías zaragoza","data/city-seo/fontanero.ts"
"/fontanero/zaragoza","city secondary","fontanero delicias zaragoza","data/city-seo/fontanero.ts"
"/fontanero/zaragoza","city secondary","aislar tuberías invierno zaragoza","data/city-seo/fontanero.ts"
"/fontanero/zaragoza","city secondary","fontanero edificios antiguos zaragoza","data/city-seo/fontanero.ts"
"/fontanero/zaragoza","city secondary","prevenir heladas tuberías zaragoza","data/city-seo/fontanero.ts"
"/fontanero/zaragoza","city longTail","cómo prevenir congelación tuberías invierno zaragoza","data/city-seo/fontanero.ts"
"/fontanero/zaragoza","city longTail","por qué cierzo afecta agua caliente zaragoza","data/city-seo/fontanero.ts"
"/fontanero/zaragoza","city longTail","qué hacer tubería congelada zaragoza","data/city-seo/fontanero.ts"
"/fontanero/zaragoza","city longTail","cuánto cuesta reparar rotura helada zaragoza","data/city-seo/fontanero.ts"
"/fontanero/zaragoza","city longTail","mantenimiento tuberías clima continental zaragoza","data/city-seo/fontanero.ts"
"/fontanero/zaragoza","city longTail","tuberías se rompen edificios antiguos zaragoza","data/city-seo/fontanero.ts"
"/blog/fontaneria","blog category keywords","guia de fontaneria","data/blog/category-seo.ts"
"/blog/fontaneria","blog category keywords","averias de fontaneria","data/blog/category-seo.ts"
"/blog/fontaneria","blog category keywords","fuga de agua en casa","data/blog/category-seo.ts"
"/blog/fontaneria","blog category keywords","cisterna gotea","data/blog/category-seo.ts"
"/blog/fontaneria","blog category keywords","cuanto cuesta un fontanero en Valencia","data/blog/category-seo.ts"
"/blog/fontaneria/que-hacer-fuga-agua-casa","blog primaryKeyword","que hacer fuga de agua casa","data/blog/topics.ts"
"/blog/fontaneria/que-hacer-fuga-agua-casa","blog secondaryKeywords","fuga de agua en casa","data/blog/topics.ts"
"/blog/fontaneria/que-hacer-fuga-agua-casa","blog secondaryKeywords","como cortar fuga de agua","data/blog/topics.ts"
"/blog/fontaneria/que-hacer-fuga-agua-casa","blog secondaryKeywords","fuga agua urgente","data/blog/topics.ts"
"/blog/fontaneria/cuanto-cuesta-fontanero-valencia","blog primaryKeyword","cuanto cuesta un fontanero en valencia","data/blog/topics.ts"
"/blog/fontaneria/cuanto-cuesta-fontanero-valencia","blog secondaryKeywords","precio fontanero valencia","data/blog/topics.ts"
"/blog/fontaneria/cuanto-cuesta-fontanero-valencia","blog secondaryKeywords","tarifa fontanero urgente","data/blog/topics.ts"
"/blog/fontaneria/cuanto-cuesta-fontanero-valencia","blog secondaryKeywords","fontanero presupuesto previo","data/blog/topics.ts"
"/blog/fontaneria/por-que-gotea-cisterna","blog primaryKeyword","cisterna gotea","data/blog/topics.ts"
"/blog/fontaneria/por-que-gotea-cisterna","blog secondaryKeywords","cisterna pierde agua","data/blog/topics.ts"
"/blog/fontaneria/por-que-gotea-cisterna","blog secondaryKeywords","reparar mecanismo cisterna","data/blog/topics.ts"
"/blog/fontaneria/por-que-gotea-cisterna","blog secondaryKeywords","wc pierde agua","data/blog/topics.ts"
"/blog/fontaneria/calentador-gas-no-enciende","blog primaryKeyword","calentador gas no enciende al abrir el grifo","data/blog/topics.ts"
"/blog/fontaneria/calentador-gas-no-enciende","blog secondaryKeywords","calentador no enciende","data/blog/topics.ts"
"/blog/fontaneria/calentador-gas-no-enciende","blog secondaryKeywords","calentador de gas no enciende llama piloto","data/blog/topics.ts"
"/blog/fontaneria/calentador-gas-no-enciende","blog secondaryKeywords","calentador no enciende chispa","data/blog/topics.ts"
"/blog/fontaneria/calentador-gas-no-enciende","blog secondaryKeywords","calentador de gas butano no enciende","data/blog/topics.ts"
"/blog/fontaneria/como-cambiar-el-grifo-de-la-cocina","blog primaryKeyword","como cambiar el grifo de la cocina","data/blog/topics.ts"
"/blog/fontaneria/como-cambiar-el-grifo-de-la-cocina","blog secondaryKeywords","como cambiar grifo cocina","data/blog/topics.ts"
"/blog/fontaneria/como-cambiar-el-grifo-de-la-cocina","blog secondaryKeywords","como cambiar un grifo","data/blog/topics.ts"
"/blog/fontaneria/como-cambiar-el-grifo-de-la-cocina","blog secondaryKeywords","como cambiar un grifo de lavabo","data/blog/topics.ts"
"/blog/fontaneria/como-cambiar-el-grifo-de-la-cocina","blog secondaryKeywords","como cambiar grifo ducha","data/blog/topics.ts"
"/blog/fontaneria/como-cambiar-el-grifo-de-la-cocina","blog secondaryKeywords","como cambiar un grifo de pared","data/blog/topics.ts"
"/blog/fontaneria/por-que-gotea-un-grifo-cerrado","blog primaryKeyword","por que gotea un grifo cerrado","data/blog/topics.ts"
"/blog/fontaneria/por-que-gotea-un-grifo-cerrado","blog secondaryKeywords","grifo gotea cerrado","data/blog/topics.ts"
"/blog/fontaneria/por-que-gotea-un-grifo-cerrado","blog secondaryKeywords","grifo pierde agua","data/blog/topics.ts"
"/blog/fontaneria/por-que-gotea-un-grifo-cerrado","blog secondaryKeywords","grifo monomando gotea","data/blog/topics.ts"
"/blog/fontaneria/por-que-gotea-un-grifo-cerrado","blog secondaryKeywords","reparar grifo que gotea","data/blog/topics.ts"
"/blog/fontaneria/por-que-gotea-un-grifo-cerrado","blog secondaryKeywords","cambiar cartucho grifo monomando","data/blog/topics.ts"
"/blog/fontaneria/calentador-junkers-no-enciende","blog primaryKeyword","calentador junkers no enciende","data/blog/topics.ts"
"/blog/fontaneria/calentador-junkers-no-enciende","blog secondaryKeywords","calentador no enciende","data/blog/topics.ts"
"/blog/fontaneria/calentador-junkers-no-enciende","blog secondaryKeywords","calentador gas no hace chispa","data/blog/topics.ts"
"/blog/fontaneria/calentador-junkers-no-enciende","blog secondaryKeywords","calentador junkers no sale agua caliente","data/blog/topics.ts"
"/blog/fontaneria/calentador-junkers-no-enciende","blog secondaryKeywords","reparar calentador junkers","data/blog/topics.ts"
"/blog/fontaneria/calentador-junkers-no-enciende","blog secondaryKeywords","calentador no detecta agua","data/blog/topics.ts"