URL,Page Type,Commercial Intent,Primary Local Entity,Primary Keywords,Secondary Keywords,Long-tail Keywords,Forbidden Keywords,Local Modifiers,Content Length,Meta Title,Meta Description Length,H1,FAQ Count,Schema Implemented,Internal Links,Cannibalization Risk,AI Optimization,EEAT Signals,CTA Strategy,Performance Impact,Mobile Optimization,NAP Consistency,Build Status,Governance Status,Implementation Status,Deployment Status,Notes
https://reparar24.es/fontanero,Generic service authority page,Emergency plumbing conversions - GEO-neutral,NO GEO (GEO-neutral authority hub),"fontanero urgente, fontanero 24 horas, servicio de fontanería, fontanero profesional","reparación de fugas, reparación de tuberías, instalación de grifos, cambio de tuberías, reparación fontanería, fontanería urgente, averías fontanería, reparación de cisterna, reparación calentador","cuánto cuesta un fontanero, cuándo llamar a un fontanero urgente, empresa de fontanería profesional","desatascos, limpieza de tuberías, calefacción, aire acondicionado, fontanero económico, fontanero barato, ALL GEO KEYWORDS (Valencia, Madrid, Barcelona, Torrent, cities, districts)","NONE - GEO-neutral service authority",632 words - positioned at bottom (GEO-neutral),Fontanero Urgente 24h | Reparación Profesional | Reparar24,~95 characters (GEO-neutral),Generated from content - GEO-neutral,5 fontanero-specific FAQs (GEO-neutral),"FAQ (displayed - GEO-neutral), Service, Breadcrumb","/contacto, city pages for GEO targeting",ELIMINATED - Clean authority hub,"GEO-neutral authority hub, SEO content at bottom","Certification, guarantee, professional registration - NO GEO","Phone, WhatsApp, emergency - CTA prominent",+8.7 KB content - GEO-neutral,"Responsive, touch-friendly CTAs, conversion-first UX",GEO-neutral - business address in schema only,Validated (697 pages),COMPLIANT - GEO-NEUTRAL AUTHORITY HUB,✅ IMPLEMENTED,✅ READY FOR DEPLOYMENT,✅ GEO REMOVED: Enterprise SEO refactor. Generic authority hub. ALL GEO removed. City pages for GEO targeting. Build passing.
https://reparar24.es/electricista,Generic service authority page,Emergency electrical conversions - GEO-neutral,NO GEO (GEO-neutral authority hub),"electricista urgente, electricista 24 horas, servicio eléctrico, electricista profesional, reparación eléctrica, averías eléctricas, instalación eléctrica","cortocircuito, fallo eléctrico, cuadro eléctrico, enchufes e interruptores, instalación de luces, reparación de enchufes, salto de diferencial, mantenimiento eléctrico, revisión eléctrica, emergencia eléctrica","cuánto cuesta un electricista, cuándo llamar a un electricista urgente, qué hacer si salta el diferencial, señales de una avería eléctrica","desatascos, fontanero, limpieza de tuberías, calefacción, aire acondicionado, electricista económico, electricista barato, ALL GEO KEYWORDS (Valencia, Madrid, Barcelona, Torrent, cities, districts)","NONE - GEO-neutral service authority",658 words - positioned at bottom (GEO-neutral),Electricista Urgente 24h | Reparación Profesional | Reparar24,~95 characters (GEO-neutral),Generated from content - GEO-neutral,6 electricista-specific FAQs (GEO-neutral),"FAQ (displayed - GEO-neutral), Service, Breadcrumb","/contacto, city pages for GEO targeting",ELIMINATED - Clean authority hub,"GEO-neutral authority hub, SEO content at bottom","Certification, boletín eléctrico, normativa vigente - NO GEO","Phone, WhatsApp, emergency - CTA prominent",+8.9 KB content - GEO-neutral,"Responsive, touch-friendly CTAs, conversion-first UX",GEO-neutral - business address in schema only,Validated (696 pages),COMPLIANT - GEO-NEUTRAL AUTHORITY HUB,✅ IMPLEMENTED,✅ READY FOR DEPLOYMENT,✅ GEO REMOVED: Enterprise SEO refactor. Generic authority hub. ALL GEO removed. City pages for GEO targeting. Professional electrical service with safety and certification positioning.
https://reparar24.es/desatascos,Generic service authority page,Emergency drain unblocking conversions - GEO-neutral,NO GEO (GEO-neutral authority hub),"desatascos urgentes, desatascos 24 horas, servicio de desatascos, empresa de desatascos","desatasco de tuberías, desatasco urgente, desatascos profesionales, desatasco de fregadero, desatasco de lavabo, desatasco de ducha, tuberías atascadas, desatasco de bajantes, desatasco de desagües","cuánto cuesta un servicio de desatascos, cuándo llamar a un desatasco urgente, qué causa los atascos en tuberías","fontanero, limpieza de tuberías (separate), calefacción, desatascos económico, desatascos barato, ALL GEO KEYWORDS (Valencia, Madrid, Barcelona, Torrent, cities, districts)","NONE - GEO-neutral service authority",672 words - positioned at bottom (GEO-neutral),Desatascos Urgentes 24h | Servicio Profesional | Reparar24,~95 characters (GEO-neutral),Generated from content - GEO-neutral,7 desatascos-specific FAQs (GEO-neutral),"FAQ (displayed - GEO-neutral), Service, Breadcrumb","/contacto, city pages for GEO targeting",ELIMINATED - Clean authority hub,"GEO-neutral authority hub, SEO content at bottom","Certification, guarantee, professional equipment - NO GEO","Phone, WhatsApp, emergency - CTA prominent",+9.1 KB content - GEO-neutral,"Responsive, touch-friendly CTAs, conversion-first UX",GEO-neutral - business address in schema only,Validated (697 pages),COMPLIANT - GEO-NEUTRAL AUTHORITY HUB,✅ IMPLEMENTED,✅ READY FOR DEPLOYMENT,✅ GEO REMOVED: Enterprise SEO refactor. Generic authority hub. ALL GEO removed. City pages for GEO targeting. Professional desatascos service with maquinaria especializada positioning.
https://reparar24.es/limpieza-tuberias,Primary service landing page,Pipe cleaning/maintenance,Valencia + Torrent,"limpieza de tuberías, limpieza tuberías presión, camión cuba",TBD,TBD,"desatascos (separate), fontanero (separate)","Valencia, Torrent",Existing,Implemented,Implemented,Implemented,Existing,Implemented,Implemented,Protected,Existing,Existing,Existing,Minimal,Responsive,Valencia/Torrent,Validated,COMPLIANT,Implemented,Live,Already implemented - 21 pages generated
https://reparar24.es/calefaccion,Generic service authority page,Heating repairs and maintenance - GEO-neutral,NO GEO (GEO-neutral authority hub),"reparación de calefacción, calefacción urgente, servicio de calefacción, técnico de calefacción, averías de calefacción, reparación de radiadores, reparación de calderas","radiadores que no calientan, problemas de calefacción, purgado de radiadores, fallo de caldera, presión baja en caldera, mantenimiento de calefacción, instalación de radiadores, revisión de calefacción, calefacción central, sistema de calefacción","por qué no calientan los radiadores, cuándo llamar a un técnico de calefacción, por qué baja la presión de la caldera, qué hacer si la calefacción no funciona, cuánto cuesta reparar una caldera","aire acondicionado, fontanero, desatascos, electricista, calefacción económica, calefacción barata, ALL GEO KEYWORDS (Valencia, Madrid, Barcelona, Torrent, cities, districts)","NONE - GEO-neutral service authority",685 words - positioned at bottom (GEO-neutral),Calefacción Urgente | Reparación Radiadores y Calderas | Reparar24,~95 characters (GEO-neutral),Generated from content - GEO-neutral,6 calefaccion-specific FAQs (GEO-neutral),"FAQ (displayed - GEO-neutral), Service, Breadcrumb","/contacto, city pages for GEO targeting",ELIMINATED - Clean authority hub,"GEO-neutral authority hub, SEO content at bottom","Certificado de gas, mantenimiento obligatorio, normativa térmica - NO GEO","Phone, WhatsApp, emergency - CTA prominent",+9.2 KB content - GEO-neutral,"Responsive, touch-friendly CTAs, conversion-first UX",GEO-neutral - business address in schema only,Validated (696 pages),COMPLIANT - GEO-NEUTRAL AUTHORITY HUB,✅ IMPLEMENTED,✅ READY FOR DEPLOYMENT,✅ GEO REMOVED: Enterprise SEO refactor. Generic authority hub. ALL GEO removed. City pages for GEO targeting. Heating service with regulatory compliance and technical expertise positioning.
https://reparar24.es/aire-acondicionado,Generic service authority page,AC repair and installation - GEO-neutral,NO GEO (GEO-neutral authority hub),"reparación de aire acondicionado, aire acondicionado urgente, técnico de aire acondicionado, servicio de aire acondicionado, averías de aire acondicionado, mantenimiento de aire acondicionado, instalación de aire acondicionado","aire acondicionado no enfría, fuga de gas aire acondicionado, carga de gas aire acondicionado, limpieza de filtros, revisión de aire acondicionado, instalación split, reparación split, climatizador averiado, aire acondicionado hace ruido, mal olor aire acondicionado","por qué el aire acondicionado no enfría, cuándo llamar a un técnico de aire acondicionado, cuánto cuesta reparar un aire acondicionado, por qué el aire acondicionado pierde agua, qué hacer si el split hace ruido, cuándo hacer mantenimiento del aire acondicionado","calefacción, fontanero, desatascos, electricista, aire acondicionado económico, aire acondicionado barato, ALL GEO KEYWORDS (Valencia, Madrid, Barcelona, Torrent, cities, districts)","NONE - GEO-neutral service authority",670 words - positioned at bottom (GEO-neutral),Aire Acondicionado Urgente | Instalación y Reparación | Reparar24,~95 characters (GEO-neutral),Generated from content - GEO-neutral,6 aire-acondicionado-specific FAQs (GEO-neutral),"FAQ (displayed - GEO-neutral), Service, Breadcrumb","/contacto, city pages for GEO targeting",ELIMINATED - Clean authority hub,"GEO-neutral authority hub, SEO content at bottom","Certificación gases fluorados, todas las marcas, normativa frigorífica - NO GEO","Phone, WhatsApp, service - CTA prominent",+9.0 KB content - GEO-neutral,"Responsive, touch-friendly CTAs, conversion-first UX",GEO-neutral - business address in schema only,Validated (696 pages),COMPLIANT - GEO-NEUTRAL AUTHORITY HUB,✅ IMPLEMENTED,✅ READY FOR DEPLOYMENT,✅ GEO REMOVED: Enterprise SEO refactor. Generic authority hub. ALL GEO removed. City pages for GEO targeting. AC service with technical expertise and refrigerant certification positioning. FINAL CORE SERVICE COMPLETED (5/5).
https://reparar24.es/fontanero/valencia,GEO city landing page,Emergency plumbing conversions - Valencia GEO,Valencia ONLY (exclusive GEO ownership),"fontanero valencia, fontanero urgente valencia, fontanero 24 horas valencia","reparación de fugas valencia, desatasco de tuberías valencia, instalación de grifos valencia, cambio de sant

arios valencia, fontanería urgente valencia","cuánto cuesta un fontanero en valencia, cuánto tarda un fontanero urgente, qué hacer ante una fuga de agua en valencia, fontanero 24 horas cerca de mí","ALL OTHER CITIES (Madrid, Barcelona, Sevilla, Málaga, Zaragoza), ALL OTHER SERVICES (electricista, desatascos, calefaccion as keywords), económico, barato, precio bajo","Valencia ONLY - Strategic GEO ownership. Neighborhoods: Ruzafa, El Carmen, Benimaclet, Campanar, Malvarrosa, Nazaret, Algirós",920 words - BOTTOM placement after CTA (conversion-first UX),Fontanero Valencia | Urgente 24h | 30-60min | Reparar24,~95 characters (Valencia GEO optimized),Fontanero en Valencia - GEO optimized,8 Valencia-specific FAQs (100% local),"FAQ (8 Valencia FAQs with schema), Service, LocalBusiness, Breadcrumb","/fontanero (parent authority), /contacto, Valencia district pages",ZERO - Complete separation from /fontanero. Different intent (transactional vs informational). Different keywords (Valencia GEO vs generic). Different content (96% unique). NO OVERLAP.,"AI Overview optimized, Voice search ready, Valencia-specific answers, Long-tail coverage","Local expertise (Valencia buildings, water conditions, neighborhoods), Professional certification, Local warranty, Community services","Phone CTA BEFORE SEO content (conversion-first), Emergency banner, WhatsApp, Multiple touchpoints",+12 KB Valencia content (bottom placement),"Mobile-optimized, CTA-first hierarchy, Touch-friendly, Fast LCP",Valencia exclusive - address in LocalBusiness schema,Validated (696 pages),COMPLIANT - VALENCIA GEO EXCLUSIVE OWNERSHIP. ZERO cannibalization with /fontanero. Anti-cannibalization VALIDATED.,✅ IMPLEMENTED & REFINED,✅ READY FOR DEPLOYMENT,"✅ VALENCIA GEO FOUNDATION: First city GEO page. Master template for all future cities. 920 words unique content. 8 Valencia FAQs. 74% keyword density reduction (refined). Natural language optimized. CTA positioned BEFORE SEO content (conversion-first). FAQ schema validated. Parent /fontanero = authority hub (NO GEO). Valencia page = local landing (Valencia GEO ONLY). Complete keyword ownership separation. Scalable to 30 cities. District inheritance ready."
https://reparar24.es/contacto,Contact/conversion page,Lead generation,Valencia + Torrent,N/A - Conversion page,N/A,N/A,N/A,"Valencia, Torrent",Conversion-focused,Optimized,Optimized,Optimized,Existing,Implemented,Multiple,N/A,Optimized,Strong EEAT,Multiple CTAs,Minimal,Responsive,Valencia/Torrent validated,Validated,COMPLIANT,Implemented,Live,Business address corrected recently
