status,service,categorySlug,priority,writingPriorityScore,clusterId,articleSlug,h1,primaryKeyword,primaryVolume,totalVolume,keywordCount,commercialOwner,textLengthRule,flags,approvedKeywords,publishedArticleSlug,publishedSemanticClusterId
backlog,calefaccion,calefaccion,P0-safety,172,suelo-radiante:precio-suelo-radiante,suelo-radiante-precio,Suelo Radiante Precio,suelo radiante precio,1000,1980,25,/calefaccion/suelo-radiante,large-1400-2000-words,price-intent | electrical-safety-review,suelo radiante precio | cuanto cuesta poner suelo radiante | cuanto cuesta suelo radiante | suelo radiante por agua precio m2 | precio de suelo radiante | suelo radiante aerotermia precio | aerotermia y suelo radiante precio | cuanto cuesta poner suelo radiante con aerotermia | cuanto cuesta el metro cuadrado de suelo radiante | precio poner suelo radiante | bomba de calor para suelo radiante precio | coste instalacion suelo radiante | precio calefaccion suelo radiante | bomba de calor aire agua para suelo radiante precio | bomba de calor suelo radiante precio | cuanto cuesta calefaccion suelo radiante | cuanto cuesta el m2 de suelo radiante | cuanto cuesta poner calefaccion suelo radiante | cuanto cuesta poner suelo radiante en una casa | precio bomba de calor para suelo radiante,,
backlog,aire-acondicionado,climatizacion,P0-safety,167,mal-olor:por-que-huele-mal-aire-acondicionado,porque-huele-mal-el-aire-acondicionado,¿Porque Huele Mal el Aire Acondicionado?,porque huele mal el aire acondicionado,720,1290,69,/aire-acondicionado/reparacion-aire-acondicionado,large-1400-2000-words,electrical-safety-review,porque huele mal el aire acondicionado | por que huele mal el aire acondicionado | porque huele mal mi aire acondicionado | porque huele mal el aire acondicionado de casa | porque huele a vinagre el aire acondicionado | porque huele el aire acondicionado a vinagre | porque cuando enciendo el aire acondicionado huele mal | porque el aire acondicionado huele a vinagre | porque huele a humedad el aire acondicionado | porque huele mal aire acondicionado | porque huele mal el aire acondicionado por conductos | porque aire acondicionado huele mal | porque al encender el aire acondicionado huele mal | porque cuando pongo el aire acondicionado huele mal | porque cuando prendo el aire acondicionado huele a humedad | porque cuando prendo el aire acondicionado huele mal | porque da mal olor el aire acondicionado | porque el aire acondicionado de mi casa huele mal | porque el aire acondicionado huele a humedad | porque el aire acondicionado larga olor a humedad,,
backlog,aire-acondicionado,climatizacion,P1-high,166.9,instalacion-potencia-precio:donde-colocar-aire-acondicionado,cuanto-cuesta-poner-aire-acondicionado,¿Cuanto Cuesta Poner Aire Acondicionado?,cuanto cuesta poner aire acondicionado,590,2600,47,/aire-acondicionado/instalacion-aire-acondicionado,large-1400-2000-words,price-intent,cuanto cuesta poner aire acondicionado | cuanto cuesta poner aire acondicionado en casa | cuanto cuesta poner el aire acondicionado en casa | cuanto cuesta poner un aire acondicionado en casa | cuanto vale poner un aire acondicionado | cuanto cuesta poner el aire acondicionado | cuanto cuesta poner aire acondicionado en toda la casa | donde colocar aire acondicionado en dormitorio | donde colocar el aire acondicionado en un dormitorio | donde colocar la unidad exterior del aire acondicionado | precio poner aire acondicionado | cuanto cuesta poner aire acondicionado en un piso | donde colocar aire acondicionado | donde colocar unidad exterior aire acondicionado | donde poner aire acondicionado | cuanto cuesta poner aire acondicionado en una casa | cuanto cuesta poner aire acondicionado en una habitacion | cuanto cuesta poner un aparato de aire acondicionado | donde colocar aire acondicionado salon | donde colocar split aire acondicionado,,
backlog,aire-acondicionado,climatizacion,P1-high,166.1,ahorro-uso:aire-acondicionado-inverter-que-es,que-es-el-aire-acondicionado-inverter,Que Es el Aire Acondicionado Inverter,que es el aire acondicionado inverter,880,2160,24,/aire-acondicionado,large-1400-2000-words,,que es el aire acondicionado inverter | que es un aire acondicionado inverter | aire inverter que es | que es un aire inverter | inverter aire acondicionado como funciona | inverter aire acondicionado que significa | que es dual cool inverter | que es dual inverter aire acondicionado | que es el aire inverter | que es el minisplit inverter | que es inverter en minisplit | que es inverter en un minisplit | que es la tecnologia inverter en minisplit | que es mejor inverter o convencional | que es mejor un aire inverter o convencional | que es mejor un minisplit convencional o inverter | que es minisplit inverter | que es un clima inverter | que es un equipo de aire acondicionado inverter | que es un minisplit inverter,,
backlog,aire-acondicionado,climatizacion,P1-high,165.8,pierde-agua-gotea:por-que-aire-acondicionado-pierde-agua,porque-gotea-el-aire-acondicionado,¿Porque Gotea el Aire Acondicionado?,porque gotea el aire acondicionado,390,1460,206,/aire-acondicionado/reparacion-aire-acondicionado,large-1400-2000-words,,porque gotea el aire acondicionado | porque gotea mi aire acondicionado | por que gotea el aire acondicionado | porque gotea la unidad exterior del aire acondicionado en invierno | por que el aire acondicionado tira agua | porque aire acondicionado tira agua | porque tira agua el aire acondicionado | por que mi aire acondicionado tira agua | porque el aire acondicionado tira agua por el split | porque gotea el aire acondicionado por dentro | porque gotea el split del aire acondicionado | porque mi aire acondicionado no tira agua | porque pierde agua el aire acondicionado | porque tira agua el aire acondicionado por dentro | porque no tira agua el aire acondicionado | porque gotea el aire acondicionado dentro de casa | porque gotea la unidad exterior del aire acondicionado en verano | porque me gotea el aire acondicionado | porque un aire acondicionado tira agua | por que el aire acondicionado no tira agua,,
backlog,calefaccion,calefaccion,P1-high,164.1,aerotermia-calefaccion:bomba-de-calor-para-calefaccion,bomba-de-calor-calefaccion,Bomba de Calor Calefaccion,bomba de calor calefaccion,1000,1690,26,/calefaccion/aerotermia-calefaccion,large-1400-2000-words,price-intent,bomba de calor calefaccion | bomba de calor para calefaccion | bomba de calor para radiadores | bomba de calor calefaccion precio | bomba de calor con radiadores | bomba de calor para acs y calefaccion | bomba de calor acs y calefaccion | bomba de calor aire agua para radiadores | bomba de calor calefaccion radiadores | bomba de calor para radiadores de agua | bomba de calor acs y calefaccion precios | bomba de calor calefaccion casa | bomba de calor calefaccion hogar | bomba de calor con radiadores convencionales | bomba de calor con radiadores de agua | bomba de calor electrica para calefaccion | bomba de calor para calefaccion de alta temperatura | bomba de calor para calefaccion por radiadores precios | bomba de calor para calefaccion y agua sanitaria | bomba de calor para radiadores alta temperatura,,
backlog,aire-acondicionado,climatizacion,P1-high,163.5,bomba-calor:bomba-de-calor-no-calienta,bomba-de-calor-y-frio,Bomba de Calor y Frio,bomba de calor y frio,1300,1480,11,/aire-acondicionado/bomba-calor,large-1400-2000-words,price-intent,bomba de calor y frio | bomba de calor no calienta | bomba de calor y frio portatil | la bomba de calor no calienta | precio bomba de calor y frio | aire acondicionado bomba de calor no calienta | bomba de calor aire acondicionado no calienta | bomba de calor frio calor | bomba de calor frio precios | mi bomba de calor no calienta | porque la bomba de calor no calienta,,
backlog,aire-acondicionado,climatizacion,P1-high,162.6,mantenimiento-limpieza:como-limpiar-aire-acondicionado,como-limpiar-un-aire-acondicionado,¿Como Limpiar un Aire Acondicionado?,como limpiar un aire acondicionado,880,1630,23,/aire-acondicionado/mantenimiento-aire-acondicionado,large-1400-2000-words,hygiene-review | price-intent,como limpiar un aire acondicionado | como limpiar split aire acondicionado | limpieza de conductos de aire acondicionado | limpieza aire acondicionado por conductos | como limpiar aparato de aire acondicionado | como limpiar el aparato de aire acondicionado | precio limpieza conductos aire acondicionado domestico | como limpiar aparato aire acondicionado | como hacer limpieza de aire acondicionado split | como limpiar el polvo del aire acondicionado | como limpiar la unidad interior del aire acondicionado | como limpiar los aparatos de aire acondicionado | como limpiar split de aire acondicionado | como limpiar un aire acondicionado muy sucio | como limpiar una unidad de aire acondicionado | como limpiar unidad interior aire acondicionado | limpieza conductos aire acondicionado precio | limpieza de aire acondicionado por conductos | limpieza de conductos de aire acondicionado precio | limpieza de ductos de aire acondicionado precio,,
backlog,fontaneria,fontaneria,P1-high,160.6,inodoros:instalar-inodoro,como-instalar-un-inodoro-al-suelo,¿Como Instalar un Inodoro al Suelo?,como instalar un inodoro al suelo,210,1290,253,/fontanero/instalacion-cambio-inodoros,large-1400-2000-words,brand-specific,como instalar un inodoro al suelo | como instalar un inodoro | como instalar un vater | como colocar tapa de inodoro universal | como colocar el inodoro | como instalar el wc | como instalar inodoro suspendido roca | como montar un inodoro | como poner la tapa del inodoro | como poner tapa wc roca | como colocar un wc | como instalar inodoro suspendido | como instalar un inodoro roca | como instalar un inodoro roca victoria | como poner inodoro | como colocar la tapa del inodoro | como colocar tapa de inodoro | como instalar un water | como instalar un wc suspendido | como instalar wc suspendido,,
backlog,fontaneria,fontaneria,P0-safety,160.6,termos-calentadores:instalar-termo-electrico,como-instalar-termo-electrico,¿Como Instalar Termo Electrico?,como instalar termo electrico,480,1200,59,/fontanero/calentadores-termos,large-1400-2000-words,gas-safety-review | price-intent | diy-or-commercial-review | brand-specific,como instalar termo electrico | como instalar calentador electrico | como montar un termo electrico | como colocar termo electrico | como conectar termo electrico | como instalar un termo | como poner un termo electrico | precio cambiar caldera gas por termo electrico | como instalar calentador de agua electrico | como instalar calentador electrico de agua | como instalar un calentador de agua electrico | como montar termo electrico | como instalar termo electrico horizontal | como instalar un termo electrico horizontal | como montar un calentador electrico | precio cambiar resistencia termo electrico | cambiar termo electrico precio | como instalar un calentador de agua electrico instantaneo | como instalar un calentador electrico de agua | como instalar un termo de agua electrico,,
backlog,aire-acondicionado,climatizacion,P0-safety,160.3,no-enfria:por-que-aire-acondicionado-no-enfria,porque-mi-aire-acondicionado-no-enfria,¿Porque Mi Aire Acondicionado No Enfria?,porque mi aire acondicionado no enfria,260,920,151,/aire-acondicionado/reparacion-aire-acondicionado,large-1400-2000-words,technical-safety-review,porque mi aire acondicionado no enfria | porque el aire acondicionado no enfria | por que mi aire acondicionado no enfria | por que el aire acondicionado no enfria | porque mi aire acondicionado portatil no enfria | porque un aire acondicionado no enfria | porque aire acondicionado no enfria | porque enfria poco el aire acondicionado | porque mi aire no enfria | porque mi aire portatil no enfria | porque no enfria el aire acondicionado de casa | porque no enfria el aire acondicionado de la casa | porque no enfria un aire acondicionado | aire acondicionado enfria poco causas | aire acondicionado por que no enfria | aire acondicionado porque no enfria | causas de porque no enfria el aire acondicionado | causas por la que no enfria un aire acondicionado | causas por las que el aire acondicionado no enfria | causas por las que un aire acondicionado no enfria,,
backlog,aire-acondicionado,climatizacion,P1-high,159.2,conductos:precio-aire-acondicionado-por-conductos,precio-aire-acondicionado-por-conductos,Precio Aire Acondicionado por Conductos,precio aire acondicionado por conductos,590,1520,40,/aire-acondicionado/aire-acondicionado-conductos,large-1400-2000-words,price-intent,precio aire acondicionado por conductos | precio conductos aire acondicionado | aire por conductos precio | cuanto cuesta poner aire acondicionado por conductos | precio maquina aire acondicionado por conductos | aire acondicionado por conductos zonificado precio | precio de aire acondicionado por conductos | precio de maquina de aire acondicionado por conductos | conductos de aire acondicionado precio | precio conductos de aire acondicionado | precio instalar aire acondicionado por conductos | calefaccion por conductos precio | coste aire acondicionado por conductos | instalacion de aire acondicionado por conductos precio | precio aire acondicionado por conductos con instalacion | bomba de calor por conductos precio | coste instalacion aire acondicionado por conductos | cuanto cuesta poner aire por conductos | cuanto cuesta una instalacion de aire acondicionado por conductos | precio preinstalacion aire acondicionado por conductos,,
backlog,calefaccion,calefaccion,P0-safety,159.2,radiadores-fugas-valvulas:radiador-pierde-agua,radiador-pierde-agua,Radiador Pierde Agua,radiador pierde agua,210,1290,84,/calefaccion/radiadores-calefaccion,large-1400-2000-words,hydraulic-safety-review,radiador pierde agua | radiador que gotea | radiador pierde agua por la rosca | sellar fuga radiador calefaccion | llave radiador gotea | radiador pierde agua por la llave | mi radiador pierde agua | el radiador pierde agua | radiador gotea por la llave | radiador gotea por la llave de paso | radiador pierde agua por abajo | radiador pierde agua por debajo | arreglar radiador gotea | fuga radiador casa | radiador gotea por abajo | radiador oxidado pierde agua | radiador pierde agua por arriba | radiador pierde agua por el regulador | detentor radiador gotea | fuga en radiador de calefaccion,,
backlog,fontaneria,fontaneria,P1-high,158,cisternas-inodoros:cambiar-mecanismo-cisterna,como-arreglar-cisterna,¿Como Arreglar Cisterna?,como arreglar cisterna,260,1700,82,/fontanero/reparacion-cisternas,large-1400-2000-words,brand-specific | price-intent,como arreglar cisterna | como cambiar cisterna antigua | como cambiar cisterna roca | como cambiar la cisterna | como arreglar cisterna bano | como cambiar el mecanismo de una cisterna | como arreglar cisterna roca | como cambiar la cisterna del bano | como cambiar mecanismo cisterna roca | como cambiar cisterna wc | como cambiar mecanismo cisterna | como cambiar cisterna | como cambiar descarga cisterna roca | como cambiar descargador cisterna roca | como cambiar pulsador cisterna roca doble | como arreglar una cisterna antigua alta | como cambiar descargador cisterna | como cambiar el mecanismo de una cisterna roca | como cambiar el pulsador de la cisterna | como cambiar el descargador de la cisterna,,
backlog,fontaneria,fontaneria,P1-high,156.5,bano-ducha-lavabo:instalar-plato-ducha,como-colocar-plato-de-ducha,¿Como Colocar Plato de Ducha?,como colocar plato de ducha,320,1470,62,/fontanero/cambio-banera-por-ducha,large-1400-2000-words,,como colocar plato de ducha | como poner un plato de ducha | como instalar plato de ducha | como colocar plato de ducha de resina | como montar plato de ducha | como poner un plato de ducha de resina | como instalar plato de ducha de resina | como poner plato ducha | como instalar un plato de ducha de porcelana | como instalar plato ducha | como montar plato de ducha de resina | como montar un plato de ducha de resina | como colocar desague plato ducha | como colocar el desague de la ducha | como colocar mampara en plato de ducha | como colocar plato de ducha a ras de suelo | como colocar plato de ducha acrilico | como colocar plato de ducha ceramico | como colocar plato de ducha de fibra | como colocar plato de ducha de piedra,,
backlog,calefaccion,calefaccion,P0-safety,153.5,instalacion-calefaccion-coste:cuanto-cuesta-instalar-calefaccion,precio-instalacion-calefaccion-radiadores,Precio Instalacion Calefaccion Radiadores,precio instalacion calefaccion radiadores,260,750,73,/calefaccion/instalacion-calefaccion,large-1400-2000-words,price-intent | gas-safety-review | electrical-safety-review,precio instalacion calefaccion radiadores | precio instalacion tuberias calefaccion | precio instalacion calefaccion | precio instalacion calefaccion gas | precios instalacion calefaccion gas natural | cuanto cuesta instalar calefaccion de gas | coste instalacion calefaccion gas natural | cuanto cuesta instalar calefaccion | cuanto cuesta instalar radiadores de gas natural | precio instalacion caldera gasoil y radiadores | precio instalacion gas natural con radiadores | cuanto cuesta instalar calefaccion en casa | cuanto cuesta instalar calefaccion en una casa | precio instalacion caldera de gas y radiadores | precio instalacion calefaccion gasoil | precio instalacion de calefaccion | precio instalar radiadores | coste instalacion calefaccion | coste instalacion calefaccion gas | coste instalacion calefaccion gasoil,,
backlog,calefaccion,calefaccion,P1-high,152.4,suelo-radiante:mantenimiento-suelo-radiante,limpieza-suelo-radiante,Limpieza Suelo Radiante,limpieza suelo radiante,480,1070,6,/calefaccion/suelo-radiante,large-1400-2000-words,,limpieza suelo radiante | mantenimiento suelo radiante | limpieza de suelo radiante | limpieza circuito suelo radiante | mantenimiento de suelo radiante | mantenimiento del suelo radiante,,
backlog,fontaneria,fontaneria,P1-high,152.3,inodoros:cambiar-inodoro,como-cambiar-la-tapa-del-inodoro,¿Como Cambiar la Tapa del Inodoro?,como cambiar la tapa del inodoro,140,1080,156,/fontanero/instalacion-cambio-inodoros,large-1400-2000-words,brand-specific,como cambiar la tapa del inodoro | como cambiar un inodoro | como cambiar tapa wc | como cambiar un inodoro por otro | como cambiar tapa wc roca | como cambiar un vater | como cambiar un wc | como cambiar la tapa del inodoro roca | como cambiar tapa wc roca gap | como cambiar bisagras tapa wc roca | como cambiar la tapa de un inodoro | como cambiar una tapa de wc | como cambiar la tapa del wc | como cambiar tapa wc roca dama | como cambiar un water | como cambiar el sifon del inodoro | como cambiar la bomba de agua del inodoro | como cambiar la boya del inodoro | como cambiar la descarga del inodoro | como cambiar la goma de la cisterna del water,,
backlog,fontaneria,fontaneria,P1-high,150.7,mamparas-ducha:instalar-mampara-ducha,como-montar-mampara-de-ducha,¿Como Montar Mampara de Ducha?,como montar mampara de ducha,210,1130,67,/fontanero/mamparas-ducha,large-1400-2000-words,price-intent | diy-or-commercial-review,como montar mampara de ducha | como montar una mampara de ducha | como instalar mampara de ducha | como colocar mampara de ducha | como instalar mampara | como montar mampara | como poner una mampara de ducha | como colocar mampara de banera | como montar mampara de bano | como colocar mampara | como poner mampara de ducha | como poner una mampara | como poner una mampara de banera | como instalar mampara de banera | como instalar mampara de bano | como instalar mampara de ducha fija | como instalar una mampara corredera | como instalar una mampara de banera corredera | precio colocar mampara ducha | precio instalar mampara ducha,,
backlog,electricista,electricidad,P1-high,145.7,iluminacion-led:bombilla-led-parpadea,porque-parpadean-las-luces-led,¿Porque Parpadean las Luces Led?,porque parpadean las luces led,140,770,112,/electricista/iluminacion-led,large-1400-2000-words,,porque parpadean las luces led | luz led parpadea | bombilla parpadea encendida | luz led parpadea encendida | por que parpadean las luces led | porque parpadea una luz led | porque parpadean las luces de mi casa | porque parpadea una bombilla | tira led parpadea encendida | bombilla led parpadea y se apaga | bombilla led parpadea y se funde | luz led parpadea al encender | luz led parpadea apagada | bombilla led parpadea al encender | bombilla led parpadea apagada | foco led parpadea apagado | foco led parpadea encendida | intermitente led parpadea rapido | la luz led parpadea | luz led parpadea encendida auto,,
backlog,aire-acondicionado,climatizacion,P0-safety,144.9,gas-refrigerante:como-saber-si-falta-gas-aire-acondicionado,como-saber-si-el-aire-acondicionado-le-falta-gas,¿Como Saber si el Aire Acondicionado Le Falta Gas?,como saber si el aire acondicionado le falta gas,210,470,47,/aire-acondicionado/carga-gas-aire-acondicionado,large-1400-2000-words,technical-safety-review,como saber si el aire acondicionado le falta gas | como saber si tiene gas el aire acondicionado | como saber si mi aire acondicionado le falta gas | aire acondicionado como saber si le falta gas | aire acondicionado sin gas sintomas | como saber cuando el aire acondicionado le falta gas | como saber cuando le falta gas a un aire acondicionado | como saber cuando le falta gas al aire acondicionado | como saber cuando se acaba el gas del aire acondicionado | como saber cuando un aire acondicionado le falta gas | como saber que el aire acondicionado le falta gas | como saber que le falta gas al aire acondicionado | como saber si a mi aire acondicionado le falta gas | como saber si a mi aire le falta gas | como saber si a mi split le falta gas | como saber si a tu aire acondicionado le falta gas | como saber si a un aire acondicionado le falta gas | como saber si a un aire le falta gas | como saber si a un split le falta gas | como saber si al aire acondicionado le falta gas,,
backlog,calefaccion,calefaccion,P0-safety,142.8,calefaccion-central-comunidad:contador-individual-calefaccion-central,calefaccion-central-con-contador-individual,Calefaccion Central con Contador Individual,calefaccion central con contador individual,140,590,23,/calefaccion/calefaccion-central-comunidades,large-1400-2000-words,price-intent | electrical-safety-review | gas-safety-review,calefaccion central con contador individual | contador individual calefaccion central | precio calefaccion central con contador individual | contador calefaccion central | contadores calefaccion central | termostato calefaccion central contador individual | contadores radiadores calefaccion central | calefaccion central gas contador individual | calefaccion central gasoil contador individual | contadores de calefaccion central | contadores en calefaccion central | contadores en radiadores calefaccion central | contadores individuales calefaccion central boe | contadores individuales calefaccion central ocu | contadores individuales calefaccion central precio | contadores individuales de calefaccion central | contadores individuales para calefaccion central | contadores para calefaccion central | contadores para radiadores de calefaccion central | ley contadores individuales calefaccion central,,
backlog,aire-acondicionado,climatizacion,P2-medium,141.8,bomba-calor:que-es-bomba-de-calor-aire-acondicionado,aire-acondicionado-bomba-de-calor-inverter,Aire Acondicionado Bomba de Calor Inverter,aire acondicionado bomba de calor inverter,590,930,16,/aire-acondicionado/bomba-calor,standard-900-1400-words,price-intent,aire acondicionado bomba de calor inverter | bomba de calor inverter | bomba de calor inverter precios | aire acondicionado con bomba de calor como funciona | aire acondicionado portatil con bomba de calor inverter | bomba de calor aire agua inverter | bomba de calor inverter a | bomba de calor inverter portatil | bomba de calor portatil inverter | bomba de frio calor inverter | bomba frio calor inverter | bomba frio calor inverter precios | mejor bomba de calor inverter | mejor bomba de calor inverter calidad precio | aire acondicionado con bomba de calor que es | bomba de calor inverter que es,,
backlog,aire-acondicionado,climatizacion,P2-medium,141.1,ahorro-uso:modo-dry-sleep-aire-acondicionado,modo-sleep-aire-acondicionado,Modo Sleep Aire Acondicionado,modo sleep aire acondicionado,480,860,31,/aire-acondicionado,standard-900-1400-words,,modo sleep aire acondicionado | para que sirve el modo dry en el aire acondicionado | para que sirve el modo sleep en el aire acondicionado | para que sirve el modo dry del aire acondicionado | aire acondicionado modo sleep | modo dry aire acondicionado para que sirve | aire modo sleep | modo sleep aire acondicionado calor | aire acondicionado daitsu modo sleep | daitsu modo sleep | modo sleep aire acondicionado bgh | modo sleep aire acondicionado daitsu | modo sleep aire acondicionado general electric | modo sleep aire acondicionado gree | modo sleep aire acondicionado hyundai | modo sleep aire acondicionado johnson | modo sleep aire acondicionado mabe | modo sleep aire acondicionado mirage | modo sleep aire acondicionado mundoclima | modo sleep aire acondicionado saivod,,
backlog,electricista,electricidad,P1-high,140,pequenos-trabajos-electricos:cambiar-bombillas-halogenos,como-cambiar-bombilla-led-techo,¿Como Cambiar Bombilla Led Techo?,como cambiar bombilla led techo,170,630,55,/electricista/pequenos-trabajos-electricos,large-1400-2000-words,,como cambiar bombilla halogena alargada | como cambiar bombilla led techo | como cambiar bombilla halogena techo | como cambiar halogeno | como cambiar halogenos | como cambiar un halogeno | como cambiar un halogeno de techo | como cambiar bombilla halogena | como cambiar un halogeno del techo | como cambiar bombilla alargada | como cambiar bombilla campana extractora bosch | como colocar focos en el techo | como quitar un halogeno | como cambiar bombilla aplique | como cambiar bombilla halogena lineal | como cambiar bombilla peugeot 207 | como cambiar halogeno techo | como cambiar una bombilla halogena lineal | como poner focos en el techo | como poner focos led en el techo,,
backlog,electricista,electricidad,P1-high,139.7,instalaciones-electricas:instalacion-electrica-vivienda,cuanto-cuesta-la-instalacion-electrica-de-una-casa,¿Cuanto Cuesta la Instalacion Electrica de una Casa?,cuanto cuesta la instalacion electrica de una casa,90,800,62,/electricista/instalaciones-electricas,large-1400-2000-words,price-intent | compliance-review,esquema instalacion electrica vivienda pdf | esquema instalacion electrica vivienda | como hacer instalacion electrica casa | cuanto cuesta la instalacion electrica de una casa | esquema instalacion electrica casa | como hacer instalacion electrica de una casa | precio instalacion electrica piso 70 metros | como hacer la instalacion electrica de una casa | cuanto cuesta hacer la instalacion electrica de una casa | esquema de instalacion electrica de una vivienda | cuanto puede costar la instalacion electrica de una casa | cuanto vale la instalacion electrica de una casa | esquema instalacion electrica vivienda unifamiliar | normativa instalacion electrica vivienda | precio instalacion electrica casa | como disenar instalacion electrica de una casa | como hacer instalacion de electricidad en una casa | como hacer instalacion de luz en casa | como hacer instalacion de luz en una casa | como hacer instalacion electrica de casa,,
backlog,electricista,electricidad,P2-medium,138.1,enchufes-interruptores:cambiar-interruptor,como-cambiar-el-interruptor-de-la-luz,¿Como Cambiar el Interruptor de la Luz?,como cambiar el interruptor de la luz,390,780,25,/electricista/enchufes-interruptores,standard-900-1400-words,brand-specific,como cambiar el interruptor de la luz | como cambiar interruptor | como cambiar llave de luz | como cambiar un interruptor de la luz | como desmontar un interruptor de luz | como se cambia un interruptor de luz | como cambiar interruptor de luz simon | como desmontar interruptor simon | como desmontar un interruptor simon | como cambiar el interruptor de luz | como cambiar el interruptor de una lampara | como cambiar interruptor de la luz | como cambiar interruptor de luz antiguo | como cambiar interruptor luz | como cambiar la llave de luz | como cambiar un interruptor antiguo por uno nuevo | como cambiar un interruptor conmutador | como cambiar un interruptor de luz conmutado | como cambiar un interruptor de luz triple | como cambiar un interruptor de pared,,
backlog,aire-acondicionado,climatizacion,P2-medium,137.4,conductos:limpiar-conductos-aire-acondicionado,limpiar-conductos-aire-acondicionado,Limpiar Conductos Aire Acondicionado,limpiar conductos aire acondicionado,480,710,6,/aire-acondicionado/aire-acondicionado-conductos,standard-900-1400-words,hygiene-review,limpiar conductos aire acondicionado | limpiar conductos de aire acondicionado | limpiar conductos aire acondicionado casa | limpiar conductos aire acondicionado centralizado | limpiar bandeja aire acondicionado conductos | limpiar los conductos de aire acondicionado,,
backlog,calefaccion,calefaccion,P0-safety,136.5,ahorro-uso-calefaccion:como-ahorrar-calefaccion,como-ahorrar-calefaccion,¿Como Ahorrar Calefaccion?,como ahorrar calefaccion,140,350,35,/calefaccion,large-1400-2000-words,gas-safety-review,como ahorrar calefaccion | como ahorrar con la calefaccion | como ahorrar en calefaccion de gas | como ahorrar calefaccion en invierno | como gasta menos la calefaccion | como ahorrar calefaccion electrica | como ahorrar calefaccion en casa | como ahorrar calefaccion gas | como ahorrar calefaccion gasoil | como ahorrar con calefaccion electrica | como ahorrar con la calefaccion de gas | como ahorrar con la calefaccion de gasoil | como ahorrar con la calefaccion electrica | como ahorrar en calefaccion de gas propano | como ahorrar en calefaccion de gasoil | como ahorrar en calefaccion electrica | como ahorrar en gas natural calefaccion | como ahorrar energia con la calefaccion | como ahorrar gas calefaccion radiadores | como ahorrar gas en calefaccion,,
backlog,fontaneria,fontaneria,P1-high,135.5,presion-agua:aumentar-presion-agua-casa,como-aumentar-la-presion-de-agua,¿Como Aumentar la Presion de Agua?,como aumentar la presion de agua,70,530,96,/fontanero/grupos-presion-agua,large-1400-2000-words,,como aumentar la presion de agua | como aumentar la presion de agua en la ducha | como aumentar la presion de agua en casa | como tener mas presion de agua en casa | como aumentar la presion de agua en una vivienda | como aumentar presion de agua en casa | como aumentar la presion de agua en un piso | como aumentar la presion de la ducha | como aumentar la presion del agua | como aumentar la presion del agua en casa | como aumentar la presion del agua en mi casa | como aumentar presion de agua en ducha | como dar mas presion al agua | como dar mas presion al agua de la ducha | como dar mas presion de agua en casa | como aumentar la presion de agua caliente | como aumentar la presion de agua con bomba presurizadora | como aumentar la presion de agua de la ducha | como aumentar la presion de agua de la red | como aumentar la presion de agua de un tinaco,,
backlog,fontaneria,fontaneria,P1-high,135.1,lavabos:instalar-lavabo,como-instalar-lavabo,¿Como Instalar Lavabo?,como instalar lavabo,50,400,190,/fontanero/instalacion-lavabos,large-1400-2000-words,,como instalar lavabo | como poner un grifo de lavabo | como instalar un grifo de lavabo | como montar un grifo de lavabo | como poner un lavabo | como colocar lavabo | como colocar un grifo de lavabo | como montar grifo lavabo | como montar un lavabo | como montar un mueble de bano con lavabo | como montar un sifon de lavabo | como poner grifo lavabo | como poner un sifon de lavabo | como poner una manguera en un grifo de lavabo | como colocar el lavabo del bano | como colocar griferia de lavamanos | como colocar grifo lavabo | como colocar la tuberia del lavamanos | como colocar lavabo con pedestal | como colocar lavabo de bano,,
backlog,fontaneria,fontaneria,P0-safety,134.9,termos-calentadores:termo-electrico-no-calienta,el-termo-no-calienta-el-agua,El Termo No Calienta el Agua,el termo no calienta el agua,30,560,81,/fontanero/calentadores-termos,large-1400-2000-words,brand-specific | gas-safety-review,termo electrico no calienta piloto encendido | mi termo enciende pero no calienta el agua | termo electrico no calienta | termo electrico no calienta agua | termo no calienta | mi termo electrico no calienta | calentador electrico no calienta el agua | termo electrico no calienta el agua | termo htw no calienta | calentador electrico no calienta | el termo no calienta el agua | porque no calienta el termo electrico | termo cointra no calienta | el termo electrico no calienta | el termo no calienta | mi calentador electrico no calienta el agua | mi termo de gas enciende pero no calienta el agua | mi termo no calienta | porque el termo electrico no calienta | porque mi termo no calienta,,
backlog,aire-acondicionado,climatizacion,P0-safety,134.3,ruido-vibracion:por-que-aire-acondicionado-hace-ruido,porque-hace-ruido-el-aire-acondicionado,¿Porque Hace Ruido el Aire Acondicionado?,porque hace ruido el aire acondicionado,90,310,51,/aire-acondicionado/reparacion-aire-acondicionado,large-1400-2000-words,technical-safety-review,porque hace ruido el aire acondicionado | porque hace ruido el compresor del aire acondicionado | porque hace ruido mi aire acondicionado | porque mi aire acondicionado hace ruido | porque el aire acondicionado hace mucho ruido | porque el aire acondicionado hace ruido | porque el aire acondicionado hace ruido a hielo | porque el aire acondicionado hace ruido a plastico | porque el aire acondicionado hace ruido a viento | porque el aire acondicionado hace un ruido raro | porque el aire acondicionado vibra | porque el compresor de mi aire acondicionado hace ruido | porque el compresor del aire acondicionado hace ruido | porque el compresor del aire hace ruido | porque el motor del aire acondicionado hace ruido | porque el split hace ruido | porque hace mucho ruido el aire acondicionado | porque hace mucho ruido el compresor del aire acondicionado | porque hace ruido aire acondicionado | porque hace ruido el aire acondicionado de ventana,,
backlog,aire-acondicionado,climatizacion,P1-high,132.3,no-enciende-se-apaga-error:aire-acondicionado-se-apaga-solo,el-aire-acondicionado-se-apaga-y-parpadea,El Aire Acondicionado Se Apaga y Parpadea,el aire acondicionado se apaga y parpadea,50,350,169,/aire-acondicionado/reparacion-aire-acondicionado,large-1400-2000-words,,el aire acondicionado se apaga y parpadea | aire acondicionado se apaga solo | porque se apaga el aire acondicionado solo | aire acondicionado se apaga solo despues de un rato | aire acondicionado se enciende y se apaga solo | mi aire acondicionado no se apaga con el control | mi aire acondicionado se apaga solo | mi aire acondicionado se enciende y se apaga solo | aire acondicionado daitsu se apaga solo | aire acondicionado de ventana se apaga solo | aire acondicionado enciende y se apaga | aire acondicionado enciende y se apaga solo | aire acondicionado no se apaga | aire acondicionado portatil se apaga solo | aire acondicionado prende y se apaga | aire acondicionado que se apaga solo | aire acondicionado se apaga | aire acondicionado se apaga a los 10 minutos | aire acondicionado se apaga en calor | aire acondicionado se apaga solo y parpadea,,
backlog,electricista,electricidad,P2-medium,130.5,boletin-electrico:precio-boletin-electrico,cuanto-cuesta-boletin-electrico,¿Cuanto Cuesta Boletin Electrico?,cuanto cuesta boletin electrico,260,600,14,/electricista,standard-900-1400-words,compliance-review | price-intent,cuanto cuesta boletin electrico | cuanto cuesta un boletin de luz | cuanto cuesta un boletin electrico | precio boletin luz | certificado de instalacion electrica precio | cuanto cuesta un certificado de instalacion electrica | precio boletin de luz | cuanto cuesta hacer un boletin electrico | cuanto cuesta boletin electrico para vivienda | cuanto cuesta hacer boletin electrico | cuanto vale hacer un boletin de luz | certificado de instalacion electrica de baja tension precio | cie certificado de instalacion electrica precio | cuanto cuesta boletin de luz,,
backlog,fontaneria,fontaneria,P2-medium,126.2,cisternas-inodoros:cisterna-no-carga-agua,cisterna-no-carga-agua,Cisterna No Carga Agua,cisterna no carga agua,170,500,11,/fontanero/reparacion-cisternas,standard-900-1400-words,brand-specific,cisterna no carga agua | como arreglar una cisterna que no carga agua | cisterna roca doble pulsador no carga agua | cisterna roca no carga agua | mi cisterna no carga agua | cisterna bano no carga agua | cisterna empotrada no carga agua | cisterna inodoro roca no carga agua | cisterna que no carga agua | cisterna wc no carga agua | la cisterna del inodoro no carga agua,,
backlog,aire-acondicionado,climatizacion,P2-medium,125.9,ahorro-uso:como-ahorrar-con-aire-acondicionado,como-ahorrar-aire-acondicionado,¿Como Ahorrar Aire Acondicionado?,como ahorrar aire acondicionado,90,590,48,/aire-acondicionado,standard-900-1400-words,,como ahorrar aire acondicionado | como ahorrar con el aire acondicionado | como consume menos el aire acondicionado | consume mucho el aire acondicionado | como ahorrar con el aire acondicionado en verano | como gasta menos el aire acondicionado en invierno | como ahorrar energia aire acondicionado | como ahorrar energia con el aire acondicionado | como ahorrar energia en aire acondicionado | como ahorrar energia en el aire acondicionado | como gasta mas el aire acondicionado | como gasta menos el aire acondicionado en verano | como gasta menos un aire acondicionado | como gastar menos con el aire acondicionado | consume mucho un aire acondicionado | consume mucho un aire acondicionado portatil | como ahorrar aire acondicionado en casa | como ahorrar con aire acondicionado | como ahorrar con aire acondicionado inverter | como ahorrar con el aire acondicionado en invierno,,
backlog,aire-acondicionado,climatizacion,P2-medium,125.5,mal-olor:como-quitar-mal-olor-aire-acondicionado,como-eliminar-el-mal-olor-del-aire-acondicionado-split,¿Como Eliminar el Mal Olor del Aire Acondicionado Split?,como eliminar el mal olor del aire acondicionado split,140,480,31,/aire-acondicionado/reparacion-aire-acondicionado,standard-900-1400-words,,como eliminar el mal olor del aire acondicionado split | como quitar el mal olor del aire acondicionado de casa | como quitar el mal olor del aire acondicionado | como quitar el olor del aire acondicionado | como eliminar el mal olor del aire acondicionado | como quitar mal olor aire acondicionado | quitar olor aire acondicionado casa | como eliminar el mal olor del aire acondicionado de casa | como eliminar el olor a humedad del aire acondicionado | como eliminar el olor del aire acondicionado | como eliminar mal olor aire acondicionado casa | como eliminar mal olor en aire acondicionado | como quitar el mal olor al aire acondicionado | como quitar el mal olor de los aires acondicionados | como quitar el mal olor de mi aire acondicionado | como quitar el mal olor del minisplit | como quitar el olor a humedad del aire acondicionado | como quitar el olor a tabaco del aire acondicionado | como quitar el olor a vinagre del aire acondicionado | como quitar el olor al aire acondicionado,,
backlog,calefaccion,calefaccion,P2-medium,125.5,caldera-pierde-agua-ruido:caldera-hace-ruido,es-peligroso-que-la-caldera-hace-ruido,Es Peligroso que la Caldera Hace Ruido,es peligroso que la caldera hace ruido,170,440,26,/calefaccion/reparacion-calderas,standard-900-1400-words,gas-safety-review,es peligroso que la caldera hace ruido | la caldera hace ruido de agua | porque hace ruido la caldera de gas | caldera hace ruido | caldera hace ruido al poner la calefaccion | caldera de gas hace ruido | caldera de gasoil hace mucho ruido | caldera hace mucho ruido | caldera hace ruido al encender | caldera hace ruido apagada | caldera hace ruido fuerte | es normal que la caldera hace ruido | hace ruido la caldera | la caldera de gas hace mucho ruido | la caldera hace mucho ruido | la caldera hace un ruido raro | mi caldera hace mucho ruido | mi caldera hace ruido | mi caldera hace un ruido raro | porque hace ruido la caldera,,
backlog,fontaneria,fontaneria,P2-medium,122.7,fugas-agua:fuga-agua-sin-romper,detector-fuga-de-agua-precio,Detector Fuga de Agua Precio,detector fuga de agua precio,260,300,7,/fontanero/reparacion-fugas,standard-900-1400-words,price-intent | gas-safety-review,detector fuga de agua precio | como detectar humedades sin romper | como detectar perdidas de agua sin romper | detectar humedades sin romper | detectar perdidas de agua sin romper | como detectar perdida de gas sin romper | como detectar perdidas de gas sin romper,,
backlog,fontaneria,fontaneria,P2-medium,120.2,bano-ducha-lavabo:precio-cambiar-inodoro,cambiar-inodoro-precio,Cambiar Inodoro Precio,cambiar inodoro precio,70,460,30,/fontanero/cambio-banera-por-ducha,standard-900-1400-words,price-intent | diy-or-commercial-review,cambiar inodoro precio | cuanto cuesta cambiar un inodoro | precio instalacion inodoro | precio instalar inodoro | cambiar wc precio | cuanto cuesta cambiar un wc | cuanto cuesta instalar un inodoro | precio instalacion inodoro suspendido | cuanto cuesta cambiar cisterna wc | cuanto cuesta cambiar un vater | cuanto cuesta cambiar un water | cambiar cisterna wc precio | cambiar vater precio | cuanto cobran por instalar un inodoro | cuanto cuesta cambiar el inodoro | cuanto cuesta cambiar inodoro | cuanto cuesta colocar un inodoro | cuanto cuesta instalar un wc | cuanto cuesta montar un inodoro | cuanto cuesta poner un inodoro,,
backlog,electricista,electricidad,P2-medium,117.9,domotica:como-domotizar-casa,como-domotizar-tu-casa,¿Como Domotizar Tu Casa?,como domotizar tu casa,140,280,12,/electricista/domotica,standard-900-1400-words,price-intent,como domotizar tu casa | como domotizar una casa | como domotizar las luces de casa | como domotizar aire acondicionado | como domotizar la casa | como domotizar mi casa | como domotizar tu casa con alexa | como domotizar tu casa con google home | como domotizar una casa con alexa | como domotizar una vivienda | como empezar a domotizar tu casa | cuanto cuesta instalar domotica en casa,,
backlog,fontaneria,fontaneria,P2-medium,115.4,mamparas-ducha:precio-instalar-mampara-ducha,precio-arreglar-mampara-ducha,Precio Arreglar Mampara Ducha,precio arreglar mampara ducha,110,270,5,/fontanero/mamparas-ducha,standard-900-1400-words,price-intent,precio arreglar mampara ducha | precio instalacion plato de ducha y mampara | precio montaje mampara ducha | precio montaje mampara | precio instalacion mampara,,
backlog,fontaneria,fontaneria,P2-medium,114.4,reparacion-duchas:ducha-gotea-o-pierde-agua,grifo-ducha-gotea,Grifo Ducha Gotea,grifo ducha gotea,50,340,34,/fontanero/reparacion-duchas,standard-900-1400-words,brand-specific,grifo ducha gotea | grifo termostatico ducha gotea | desague plato ducha pierde agua | ducha gotea | arreglar ducha que gotea | el grifo de la ducha gotea | grifo termostatico ducha roca gotea | ducha gotea agua | ducha gotea cuando quiere | ducha gotea solucion | ducha solar gotea | gotea el grifo de la ducha | gotea la ducha | grifo de ducha gotea | grifo de ducha pierde agua | grifo de la ducha gotea | grifo ducha grohe gotea | grifo ducha termostatico gotea | grifo termostatico ducha grohe gotea | grifo termostatico ducha pierde agua,,
backlog,fontaneria,fontaneria,P2-medium,113.3,presion-agua:bomba-agua-no-arranca,bomba-de-agua-no-arranca,Bomba de Agua No Arranca,bomba de agua no arranca,50,290,48,/fontanero/grupos-presion-agua,standard-900-1400-words,,bomba de agua no arranca | bomba de agua no arranca solo zumba | bomba sumergible no arranca | bomba agua no arranca | bomba centrifuga no arranca | bomba de agua enciende pero no arranca | bomba de agua hace ruido pero no arranca | bomba de agua hace ruido y no arranca | bomba de agua no arranca capacitor | bomba de agua no arranca y se calienta | bomba de agua suena pero no arranca | bomba de agua sumergible no arranca | bomba de agua sumergible no arranca solo zumba | bomba de agua zumba pero no arranca | bomba de presion de agua no arranca | bomba espa no arranca | bomba grundfos no arranca | bomba pedrollo no arranca | bomba presurizadora de agua no arranca | bomba presurizadora no arranca,,
backlog,fontaneria,fontaneria,P2-medium,111.9,lavabos:cambiar-lavabo,como-cambiar-un-lavabo,¿Como Cambiar un Lavabo?,como cambiar un lavabo,50,280,31,/fontanero/instalacion-lavabos,standard-900-1400-words,,como cambiar un lavabo | como cambiar el desague del lavabo | como cambiar desague lavabo | como cambiar el desague de un lavabo | como cambiar el sifon del lavabo | como cambiar lavabo de bano | como cambiar un desague de lavabo | como cambiar desague de lavabo | como cambiar desague de lavamanos | como cambiar el desague del lavamanos | como cambiar el lavabo del bano | como cambiar el lavamanos de bano | como cambiar el tubo del lavabo | como cambiar el tubo del lavabo del bano | como cambiar flexible de lavamanos | como cambiar lavabo | como cambiar lavamanos | como cambiar sifon de lavamanos | como cambiar sifon lavabo | como cambiar tuberia de lavabo,,
backlog,electricista,electricidad,P2-medium,110,cuadros-electricos:magnetotermico-salta,porque-salta-un-magnetotermico,¿Porque Salta un Magnetotermico?,porque salta un magnetotermico,70,220,8,/electricista/cuadros-electricos,standard-900-1400-words,,porque salta un magnetotermico | porque salta el magnetotermico | salta el magnetotermico | salta magnetotermico | magnetotermico salta | magnetotermico salta sin nada enchufado | salta el diferencial pero no el magnetotermico | salta magnetotermico sin motivo,,
backlog,calefaccion,calefaccion,P2-medium,106.5,calefaccion-central-comunidad:calefaccion-central-como-funciona,calefaccion-central-como-funciona,Calefaccion Central Como Funciona,calefaccion central como funciona,110,130,3,/calefaccion/calefaccion-central-comunidades,standard-900-1400-words,gas-safety-review | electrical-safety-review,calefaccion central como funciona | calefaccion central a gas como funciona | termostato calefaccion central como funciona,,
backlog,fontaneria,fontaneria,P2-medium,106.3,osmosis-descalcificadores:mantenimiento-osmosis-inversa,mantenimiento-osmosis,Mantenimiento Osmosis,mantenimiento osmosis,50,190,14,/fontanero/descalcificadores-osmosis,standard-900-1400-words,price-intent,mantenimiento osmosis | mantenimiento osmosis inversa | como saber cuando cambiar filtro osmosis | cuando cambiar filtros osmosis | cuando cambiar la membrana de osmosis | cuando cambiar los filtros de osmosis | cuando cambiar membrana osmosis | cuando cambiar membrana osmosis inversa | cuando se cambian los filtros de osmosis | mantenimiento de membranas de osmosis inversa | mantenimiento de osmosis | mantenimiento de osmosis inversa | mantenimiento osmosis inversa domestica | precio mantenimiento osmosis,,
backlog,calefaccion,calefaccion,P2-medium,105.5,mantenimiento-revision-caldera:mantenimiento-caldera-obligatorio,es-obligatorio-tener-contrato-mantenimiento-caldera,Es Obligatorio Tener Contrato Mantenimiento Caldera,es obligatorio tener contrato mantenimiento caldera,50,180,12,/calefaccion/mantenimiento-calderas,standard-900-1400-words,gas-safety-review,es obligatorio tener contrato mantenimiento caldera | es obligatorio revisar la caldera de gas | es obligatorio revision anual caldera de gas | es obligatorio mantenimiento caldera gas | es obligatorio revisar la caldera cada ano | es obligatorio revision caldera anual | es obligatorio tener un contrato de mantenimiento de la caldera | mantenimiento caldera gas obligatorio | mantenimiento caldera obligatorio | mantenimiento obligatorio caldera gas | obligatorio revision caldera | revision caldera de gas normativa,,
backlog,fontaneria,fontaneria,P2-medium,105.3,tuberias:precio-cambiar-tuberias-casa,cuanto-cuesta-cambiar-las-tuberias-de-una-casa,¿Cuanto Cuesta Cambiar las Tuberias de una Casa?,cuanto cuesta cambiar las tuberias de una casa,50,180,8,/fontanero/sustitucion-tuberias,standard-900-1400-words,price-intent,cuanto cuesta cambiar las tuberias de una casa | precio cambiar tuberias bano | precio cambiar tuberias casa | cuanto cuesta cambiar tuberias casa | cuanto cuesta cambiar tuberias de una casa | cuanto cuesta cambiar la tuberia de una casa | cuanto cuesta cambiar todas las tuberias de una casa | precio cambio tuberias casa,,
backlog,electricista,electricidad,P2-medium,104.5,pequenos-trabajos-electricos:cambiar-telefonillo,como-cambiar-un-telefonillo,¿Como Cambiar un Telefonillo?,como cambiar un telefonillo,50,170,7,/electricista/pequenos-trabajos-electricos,standard-900-1400-words,,como cambiar un telefonillo | como cambiar el telefonillo de casa | como cambiar telefonillo | como cambiar telefonillo fermax | como cambiar un telefonillo fermax | como cambiar el telefonillo del portero | como cambiar telefonillo de casa,,
backlog,electricista,electricidad,P2-medium,104.2,domotica:que-es-domotica-casa,que-significa-domotica,¿Que Significa Domotica?,que significa domotica,90,120,4,/electricista/domotica,standard-900-1400-words,,que significa domotica | que significa el termino domotica | que significa la domotica | que significa la palabra domotica,,
backlog,fontaneria,fontaneria,P2-medium,104.1,mamparas-ducha:cambiar-mampara-ducha,como-cambiar-goma-vierteaguas-inferior-mampara-ducha,¿Como Cambiar Goma Vierteaguas Inferior Mampara Ducha?,como cambiar goma vierteaguas inferior mampara ducha,30,210,16,/fontanero/mamparas-ducha,standard-900-1400-words,,como cambiar goma vierteaguas inferior mampara ducha | como cambiar rodamientos mampara ducha semicircular | como cambiar las gomas de la mampara | como cambiar las ruedas de una mampara de ducha | como cambiar mampara ducha | como cambiar goma mampara bano | como cambiar goma mampara ducha | como cambiar goma vierteaguas mampara ducha | como cambiar gomas mampara | como cambiar las ruedas de una mampara | como cambiar los rodamientos de una mampara | como cambiar los rodamientos de una mampara de ducha | como cambiar rodamientos mampara ducha | como cambiar ruedas mampara ducha | como cambiar una mampara de ducha | como cambiar mampara de ducha,,
backlog,calefaccion,calefaccion,P2-medium,103.5,ahorro-uso-calefaccion:temperatura-calefaccion-recomendada,temperatura-recomendada-calefaccion-invierno,Temperatura Recomendada Calefaccion Invierno,temperatura recomendada calefaccion invierno,30,200,16,/calefaccion,standard-900-1400-words,gas-safety-review,temperatura recomendada calefaccion invierno | recomendacion temperatura calefaccion | temperatura calefaccion recomendada | calefaccion gas temperatura recomendada | calefaccion temperatura recomendada | reguladores de temperatura para calefaccion | temperatura de calefaccion recomendada | temperatura recomendada agua caldera | temperatura recomendada agua calefaccion | temperatura recomendada caldera | temperatura recomendada caldera calefaccion | temperatura recomendada caldera condensacion | temperatura recomendada caldera radiadores | temperatura recomendada para calefaccion | temperatura recomendada para la calefaccion | temperatura recomendada radiadores,,
backlog,aire-acondicionado,climatizacion,P2-medium,103.2,gas-refrigerante:aire-acondicionado-hace-hielo,aire-acondicionado-hace-hielo,Aire Acondicionado Hace Hielo,aire acondicionado hace hielo,20,220,38,/aire-acondicionado/carga-gas-aire-acondicionado,standard-900-1400-words,technical-safety-review,aire acondicionado hace hielo | porque el aire acondicionado hace hielo | aire acondicionado casero sin hielo | aire acondicionado con hielo casero | aire acondicionado portatil que funciona con hielo | aire acondicionado que funciona con hielo | aire acondicionado split hace hielo | aire acondicionado split tira hielo | aire acondicionado tira hielo | el aire acondicionado tira hielo | el split hace hielo | es normal que el aire acondicionado haga hielo | hace hielo el aire acondicionado | mi aire acondicionado hace hielo | mi aire acondicionado tira hielo | mi split hace hielo | porque el aire acondicionado hace escarcha | porque el aire acondicionado se hace hielo | porque el aire acondicionado tira hielo | porque el split hace hielo,,
backlog,calefaccion,calefaccion,P2-medium,102.3,suelo-radiante:suelo-radiante-no-calienta,suelo-radiante-no-calienta,Suelo Radiante No Calienta,suelo radiante no calienta,50,140,10,/calefaccion/suelo-radiante,standard-900-1400-words,,suelo radiante no calienta | calefaccion suelo radiante no calienta | circuito suelo radiante no calienta | el suelo radiante no calienta | mi suelo radiante no calienta | suelo radiante aerotermia no calienta | suelo radiante no calienta bien | suelo radiante no calienta suficiente | suelo radiante no calienta una zona | uponor suelo radiante no calienta,,
backlog,calefaccion,calefaccion,P2-medium,101.2,aerotermia-calefaccion:aerotermia-o-caldera-gas,cambio-caldera-gas-por-aerotermia,Cambio Caldera Gas por Aerotermia,cambio caldera gas por aerotermia,50,130,6,/calefaccion/aerotermia-calefaccion,standard-900-1400-words,gas-safety-review,cambio caldera gas por aerotermia | aerotermia gas | caldera hibrida gas aerotermia | aerotermia con caldera de gas | aerotermia o caldera gas | caldera aerotermia daikin,,
backlog,fontaneria,fontaneria,P2-medium,100.7,fugas-agua:precio-detectar-fuga-agua,deteccion-de-fugas-de-agua-precio,Deteccion de Fugas de Agua Precio,deteccion de fugas de agua precio,90,90,3,/fontanero/reparacion-fugas,standard-900-1400-words,price-intent,deteccion de fugas de agua precio | precio deteccion de fugas de agua | detector de fuga de agua usa con precio,,
backlog,aire-acondicionado,climatizacion,P2-medium,100.3,ruido-vibracion:unidad-exterior-hace-ruido,el-compresor-del-aire-acondicionado-hace-ruido,El Compresor del Aire Acondicionado Hace Ruido,el compresor del aire acondicionado hace ruido,20,190,18,/aire-acondicionado/reparacion-aire-acondicionado,standard-900-1400-words,,el compresor del aire acondicionado hace ruido | la unidad exterior del aire acondicionado hace ruido | compresor aire acondicionado hace ruido | compresor de aire acondicionado hace ruido | compresor de aire acondicionado hace ruido pero no arranca | compresor de aire hace mucho ruido | compresor de aire hace ruido | compresor de aire hace ruido pero no arranca | compresor hace mucho ruido | compresor hace ruido al arrancar | compresor hace ruido pero no arranca | el compresor de mi aire acondicionado hace mucho ruido | el compresor del aire acondicionado hace mucho ruido | el compresor del aire hace mucho ruido | la unidad exterior del aire acondicionado hace mucho ruido | unidad exterior aire acondicionado hace mucho ruido | unidad exterior aire acondicionado hace ruido | compresor de minisplit hace mucho ruido,,
backlog,electricista,electricidad,P2-medium,100.1,pequenos-trabajos-electricos:colocar-luces-led-techo,como-colocar-luces-led-en-el-techo,¿Como Colocar Luces Led en el Techo?,como colocar luces led en el techo,70,100,2,/electricista/pequenos-trabajos-electricos,standard-900-1400-words,,como colocar luces led en el techo | como instalar luces led en el techo,,
backlog,electricista,electricidad,P2-medium,99.1,cuadros-electricos:cambiar-cuadro-electrico-precio,cuanto-cuesta-cambiar-un-cuadro-electrico,¿Cuanto Cuesta Cambiar un Cuadro Electrico?,cuanto cuesta cambiar un cuadro electrico,50,110,4,/electricista/cuadros-electricos,standard-900-1400-words,price-intent,cuanto cuesta cambiar un cuadro electrico | cuanto cuesta cambiar el cuadro electrico de una casa | cuanto cuesta cambiar cuadro electrico | cuanto cuesta cambiar el cuadro electrico,,
backlog,calefaccion,calefaccion,P3-low,98.9,termostatos-valvulas:termostato-calefaccion-como-funciona,termostato-calefaccion-como-funciona,Termostato Calefaccion Como Funciona,termostato calefaccion como funciona,70,90,3,/calefaccion/termostatos-valvulas,short-700-1100-words-if-useful,electrical-safety-review | gas-safety-review,termostato calefaccion como funciona | termostato analogico calefaccion como funciona | termostato de caldera como funciona,,
backlog,electricista,electricidad,P2-medium,97.9,pequenos-trabajos-electricos:timbre-no-funciona,timbre-no-funciona,Timbre No Funciona,timbre no funciona,30,130,8,/electricista/pequenos-trabajos-electricos,standard-900-1400-words,,timbre no funciona | el pulsador del timbre no funciona | el timbre no funciona | pulsador timbre no funciona | el timbre de casa no funciona | mi timbre no funciona | timbre de casa no funciona | timbre iphone no funciona,,
backlog,electricista,electricidad,P2-medium,96.8,boletin-electrico:conseguir-certificado-instalacion-electrica,como-conseguir-boletin-electrico,¿Como Conseguir Boletin Electrico?,como conseguir boletin electrico,30,120,6,/electricista,standard-900-1400-words,compliance-review | price-intent,como conseguir boletin electrico | precio certificado instalacion electrica | como conseguir el boletin electrico | como conseguir un boletin electrico | como conseguir boletin de luz | coste certificado instalacion electrica,,
backlog,electricista,electricidad,P3-low,96.7,enchufes-interruptores:enchufe-no-funciona,enchufe-no-funciona,Enchufe No Funciona,enchufe no funciona,50,90,5,/electricista/enchufes-interruptores,short-700-1100-words-if-useful,,enchufe no funciona | enchufe de pared no funciona | enchufe que no funciona | mi enchufe no funciona | un enchufe no funciona,,
backlog,fontaneria,fontaneria,P3-low,96.7,termos-calentadores:precio-cambiar-termo-calentador,precio-de-termo-de-agua,Precio de Termo de Agua,precio de termo de agua,50,90,5,/fontanero/calentadores-termos,short-700-1100-words-if-useful,price-intent,precio de termo de agua | precio de calentador electrico de agua | precio sustitucion termo electrico | precio termo agua | precio termo agua electrico,,
backlog,electricista,electricidad,P3-low,95.2,averias-electricas:por-que-se-va-la-luz,porque-se-va-la-luz,¿Porque Se Va la Luz?,porque se va la luz,50,80,2,/electricista/reparacion-averias-electricas,short-700-1100-words-if-useful,,porque se va la luz | por que se va la luz,,
backlog,aire-acondicionado,climatizacion,P3-low,90.8,mantenimiento-limpieza:como-limpiar-split-aire-acondicionado,como-limpiar-split,¿Como Limpiar Split?,como limpiar split,20,90,9,/aire-acondicionado/mantenimiento-aire-acondicionado,short-700-1100-words-if-useful,hygiene-review,como limpiar split | como limpiar el filtro de un split | como limpiar el filtro del split | como limpiar filtro de aire split | como limpiar filtro de split | como limpiar los filtros de un split | como sacar el filtro de un split para limpiarlo | como se limpia el filtro de un split | como se limpia el filtro de un aire split,,
backlog,fontaneria,fontaneria,P3-low,90.2,grifos:grifo-no-cierra-o-no-sale-agua,como-arreglar-un-grifo-que-no-sale-agua,¿Como Arreglar un Grifo que No Sale Agua?,como arreglar un grifo que no sale agua,30,70,4,/fontanero/cambio-reparacion-grifos,short-700-1100-words-if-useful,,como arreglar un grifo que no sale agua | grifo no cierra bien | el grifo no cierra bien | grifo termostatico no cierra bien,,
backlog,desatascos,desatascos,P3-low,88.4,camion-cuba:precio-camion-cuba,camion-cuba-precio,Camion Cuba Precio,camion cuba precio,30,60,5,/desatascos/camion-cuba,short-700-1100-words-if-useful,price-intent,camion cuba precio | cuba para desatascar precio | precio camion cuba | precio desatasco camion cuba | camion cuba precio desatasco,,
backlog,aire-acondicionado,climatizacion,P3-low,88.1,conductos:aire-acondicionado-por-conductos-ventajas,aire-acondicionado-por-conductos-como-funciona,Aire Acondicionado por Conductos Como Funciona,aire acondicionado por conductos como funciona,40,50,3,/aire-acondicionado/aire-acondicionado-conductos,short-700-1100-words-if-useful,,aire acondicionado por conductos como funciona | aire acondicionado por conductos ventajas y desventajas | aire acondicionado por conductos ventajas,,
backlog,aire-acondicionado,climatizacion,P3-low,88,mal-olor:aire-acondicionado-huele-a-humedad,aire-acondicionado-huele-mal-vinagre,Aire Acondicionado Huele Mal Vinagre,aire acondicionado huele mal vinagre,40,50,2,/aire-acondicionado/reparacion-aire-acondicionado,short-700-1100-words-if-useful,,aire acondicionado huele mal vinagre | como sacar el olor a humedad del aire acondicionado,,
backlog,fontaneria,fontaneria,P3-low,88,bajantes:precio-cambiar-bajantes-comunidad,cambiar-bajantes-comunidad-precio,Cambiar Bajantes Comunidad Precio,cambiar bajantes comunidad precio,40,50,2,/fontanero/bajantes,short-700-1100-words-if-useful,price-intent | diy-or-commercial-review,cambiar bajantes comunidad precio | precio cambiar tuberia bajantes comunidad,,
backlog,electricista,electricidad,P3-low,86.3,enchufes-interruptores:enchufe-chispas-o-caliente,como-cambiar-un-enchufe-de-pared-quemado,¿Como Cambiar un Enchufe de Pared Quemado?,como cambiar un enchufe de pared quemado,10,90,9,/electricista/enchufes-interruptores,short-700-1100-words-if-useful,,como cambiar un enchufe de pared quemado | como cambiar un enchufe quemado | el enchufe se calienta | el enchufe se calienta mucho | enchufe estufa se calienta | enchufe hace chispas | enchufe se calienta | porque el enchufe de la estufa se calienta | porque el enchufe se calienta,,
backlog,aire-acondicionado,climatizacion,P3-low,86.1,split-multisplit:split-o-conductos-que-es-mejor,que-es-mejor-aire-acondicionado-por-conductos-o-split,Que Es Mejor Aire Acondicionado por Conductos o Split,que es mejor aire acondicionado por conductos o split,30,50,3,/aire-acondicionado/instalacion-split,short-700-1100-words-if-useful,,que es mejor aire acondicionado por conductos o split | que es mejor aire por conductos o split | split o conductos que es mejor,,
backlog,fontaneria,fontaneria,P3-low,85.4,fugas-agua:que-hacer-fuga-agua-casa,como-tapar-fugas-de-agua,¿Como Tapar Fugas de Agua?,como tapar fugas de agua,40,40,2,/fontanero/reparacion-fugas,short-700-1100-words-if-useful,,como tapar fugas de agua | que hacer si hay una fuga de agua,,
backlog,calefaccion,calefaccion,P3-low,85.3,presion-caldera:presion-correcta-caldera,presion-correcta-caldera,Presion Correcta Caldera,presion correcta caldera,40,40,1,/calefaccion/reparacion-calderas,short-700-1100-words-if-useful,gas-safety-review | hydraulic-safety-review,presion correcta caldera,,
backlog,electricista,electricidad,P3-low,85.3,urgencias-electricas:diferencial-salta,que-hacer-si-salta-el-diferencial,¿Que Hacer si Salta el Diferencial?,que hacer si salta el diferencial,40,40,1,/electricista/urgencias-electricas,short-700-1100-words-if-useful,,que hacer si salta el diferencial,,
backlog,desatascos,desatascos,P3-low,83.5,fosas-septicas:fosa-septica-llena-o-mal-olor,como-saber-si-la-fosa-septica-esta-llena,¿Como Saber si la Fosa Septica Esta Llena?,como saber si la fosa septica esta llena,20,50,5,/desatascos/limpieza-fosas-septicas,short-700-1100-words-if-useful,sanitation-review,como saber si la fosa septica esta llena | como saber si mi fosa septica esta llena | como saber si una fosa septica esta llena | fosa septica huele mal | como saber si fosa septica esta llena,,
backlog,calefaccion,calefaccion,P3-low,83.4,ahorro-uso-calefaccion:cuando-encender-calefaccion,cuando-encender-la-calefaccion,¿Cuando Encender la Calefaccion?,cuando encender la calefaccion,30,40,2,/calefaccion,short-700-1100-words-if-useful,,cuando encender la calefaccion | cuando encender calefaccion,,
backlog,fontaneria,fontaneria,P3-low,83.3,fugas-agua:fuga-agua-enterrada-pared,como-detectar-tuberia-de-agua,¿Como Detectar Tuberia de Agua?,como detectar tuberia de agua,10,70,10,/fontanero/reparacion-fugas,short-700-1100-words-if-useful,,como detectar canos de agua en la pared | como detectar perdida de agua en pared | como detectar tuberia de agua | como detectar tuberias de agua en la pared | como detectar una filtracion de agua en el techo | como detectar una filtracion de agua en la pared | como detectar una perdida de agua en la pared | como encontrar perdida de agua en la pared | como detectar cano de agua roto | como detectar un cano de agua roto en la pared,,
backlog,aire-acondicionado,climatizacion,P3-low,80.9,preinstalacion-cassette:preinstalacion-aire-acondicionado-que-es,desague-preinstalacion-aire-acondicionado,Desague Preinstalacion Aire Acondicionado,desague preinstalacion aire acondicionado,20,40,5,/aire-acondicionado/preinstalacion-aire-acondicionado,short-700-1100-words-if-useful,price-intent,desague preinstalacion aire acondicionado | cuanto cuesta una preinstalacion de aire acondicionado | que es la preinstalacion de aire acondicionado | como saber si tengo preinstalacion aire acondicionado | preinstalacion aire acondicionado que es,,
backlog,desatascos,desatascos,P3-low,80.7,productos-y-errores:remedios-caseros-desatascar,como-desatascar-con-bicarbonato,¿Como Desatascar con Bicarbonato?,como desatascar con bicarbonato,20,40,2,/desatascos,short-700-1100-words-if-useful,diy-review,como desatascar con bicarbonato | como desatascar con vinagre y bicarbonato,,
backlog,aire-acondicionado,climatizacion,P3-low,79,gas-refrigerante:cada-cuanto-cargar-gas-aire-acondicionado,cada-cuanto-cargar-gas-aire-acondicionado,Cada Cuanto Cargar Gas Aire Acondicionado,cada cuanto cargar gas aire acondicionado,10,50,5,/aire-acondicionado/carga-gas-aire-acondicionado,short-700-1100-words-if-useful,technical-safety-review,cada cuanto cargar gas aire acondicionado | cada cuanto hay que cargar gas al aire acondicionado | cada cuanto se debe cargar gas al aire acondicionado | cada cuanto tiempo hay que cargar gas al aire acondicionado | cada cuanto tiempo se debe cargar gas al aire acondicionado,,
backlog,fontaneria,fontaneria,P3-low,77.3,reparacion-duchas:cambiar-columna-flexo-ducha,como-cambiar-columna-de-ducha,¿Como Cambiar Columna de Ducha?,como cambiar columna de ducha,20,30,2,/fontanero/reparacion-duchas,short-700-1100-words-if-useful,,como cambiar columna de ducha | como cambiar el flexo de la ducha,,
backlog,calefaccion,calefaccion,P3-low,76.3,presion-caldera:caldera-sube-mucho-presion,caldera-sube-mucho-la-presion,Caldera Sube Mucho la Presion,caldera sube mucho la presion,10,40,4,/calefaccion/reparacion-calderas,short-700-1100-words-if-useful,gas-safety-review | hydraulic-safety-review,caldera sube mucho la presion | caldera sube presion y pierde agua | la caldera sube de presion y pierde agua | la caldera sube mucho de presion,,
backlog,calefaccion,calefaccion,P3-low,76.3,termostatos-valvulas:donde-colocar-termostato-calefaccion,como-poner-el-termostato-calefaccion-para-ahorrar,¿Como Poner el Termostato Calefaccion para Ahorrar?,como poner el termostato calefaccion para ahorrar,10,40,4,/calefaccion/termostatos-valvulas,short-700-1100-words-if-useful,electrical-safety-review | price-intent,como poner el termostato calefaccion para ahorrar | cuanto cuesta poner un termostato | donde colocar el termostato de la calefaccion | donde colocar termostato calefaccion,,
backlog,electricista,electricidad,P3-low,76.3,averias-electricas:luz-parpadea-en-casa,luz-de-casa-parpadea,Luz de Casa Parpadea,luz de casa parpadea,10,40,4,/electricista/reparacion-averias-electricas,short-700-1100-words-if-useful,,luz de casa parpadea | luz parpadea casa | luz parpadea en casa | parpadea la luz de mi casa,,
backlog,aire-acondicionado,climatizacion,P3-low,72.9,split-multisplit:que-es-aire-acondicionado-split,que-es-split-inverter,Que Es Split Inverter,que es split inverter,10,30,3,/aire-acondicionado/instalacion-split,short-700-1100-words-if-useful,,que es split inverter | que es un aire acondicionado split inverter | que es un split inverter,,
backlog,calefaccion,calefaccion,P3-low,72.9,radiadores-no-calientan:radiadores-no-calientan-bien,los-radiadores-calientan-poco,Los Radiadores Calientan Poco,los radiadores calientan poco,10,30,3,/calefaccion/radiadores-calefaccion,short-700-1100-words-if-useful,,los radiadores calientan poco | mis radiadores calientan poco | radiadores calientan poco,,
backlog,electricista,electricidad,P3-low,72.9,averias-electricas:disyuntor-salta,disyuntor-salta,Disyuntor Salta,disyuntor salta,10,30,3,/electricista/reparacion-averias-electricas,short-700-1100-words-if-useful,,disyuntor salta | disyuntor salta solo | el disyuntor salta,,
backlog,fontaneria,fontaneria,P3-low,72.6,osmosis-descalcificadores:precio-instalar-osmosis-descalcificador,precio-instalacion-osmosis,Precio Instalacion Osmosis,precio instalacion osmosis,20,20,2,/fontanero/descalcificadores-osmosis,short-700-1100-words-if-useful,price-intent,precio instalacion osmosis | precio instalar osmosis inversa,,
backlog,electricista,electricidad,P3-low,72.5,instalaciones-electricas:esquema-instalacion-electrica,esquema-puesta-a-tierra-vivienda-unifamiliar,Esquema Puesta a Tierra Vivienda Unifamiliar,esquema puesta a tierra vivienda unifamiliar,20,20,1,/electricista/instalaciones-electricas,short-700-1100-words-if-useful,,esquema puesta a tierra vivienda unifamiliar,,
backlog,electricista,electricidad,P3-low,72.5,enchufes-interruptores:interruptor-no-funciona,interruptor-no-funciona,Interruptor No Funciona,interruptor no funciona,20,20,1,/electricista/enchufes-interruptores,short-700-1100-words-if-useful,,interruptor no funciona,,
backlog,desatascos,desatascos,P3-low,68.2,camara-diagnostico:inspeccion-camara-tuberias,camara-de-inspeccion-precio,Camara de Inspeccion Precio,camara de inspeccion precio,10,20,4,/desatascos/desatasco-tuberias,short-700-1100-words-if-useful,price-intent,camara de inspeccion precio | camara inspeccion tuberias precio | camara de inspeccion alcantarillado precio | inspeccion tuberias camara cuando hace falta,,
backlog,fontaneria,fontaneria,P3-low,68.2,presion-agua:grupo-presion-agua-problemas,grupo-de-presion-de-agua-problemas,Grupo de Presion de Agua Problemas,grupo de presion de agua problemas,10,20,4,/fontanero/grupos-presion-agua,short-700-1100-words-if-useful,price-intent,grupo de presion de agua problemas | precio grupo de presion de agua domestico | grupo de presion agua problemas | precio grupo de presion agua domestico,,
backlog,desatascos,desatascos,P3-low,68.1,productos-y-errores:sosa-caustica-tuberias,sosa-caustica-atasco-tuberia,Sosa Caustica Atasco Tuberia,sosa caustica atasco tuberia,10,20,2,/desatascos,short-700-1100-words-if-useful,chemical-safety-review,sosa caustica atasco tuberia | sosa caustica para limpiar tuberias,,
backlog,electricista,electricidad,P3-low,68.1,domotica:precio-domotica-casa,cuanto-cuesta-poner-domotica-en-una-casa,¿Cuanto Cuesta Poner Domotica en una Casa?,cuanto cuesta poner domotica en una casa,10,20,2,/electricista/domotica,short-700-1100-words-if-useful,price-intent,cuanto cuesta poner domotica en una casa | cuanto cuesta una instalacion domotica,,
backlog,electricista,electricidad,P3-low,68.1,revision-electrica:prueba-diferencial,prueba-de-interruptor-diferencial,Prueba de Interruptor Diferencial,prueba de interruptor diferencial,10,20,2,/electricista/revision-electrica,short-700-1100-words-if-useful,,prueba de interruptor diferencial | prueba diferencial electrico,,
backlog,electricista,electricidad,P3-low,60.3,legalizacion-electrica:legalizar-instalacion-electrica,precio-legalizacion-instalacion-electrica,Precio Legalizacion Instalacion Electrica,precio legalizacion instalacion electrica,10,10,3,/electricista,short-700-1100-words-if-useful,price-intent | compliance-review,precio legalizacion instalacion electrica | cuando legalizar instalacion electrica | legalizacion instalacion electrica precio,,
backlog,electricista,electricidad,P3-low,60.3,urgencias-electricas:cortocircuito-en-casa,que-hacer-si-hay-un-cortocircuito,¿Que Hacer si Hay un Cortocircuito?,que hacer si hay un cortocircuito,10,10,3,/electricista/urgencias-electricas,short-700-1100-words-if-useful,,que hacer si hay un cortocircuito | olor a quemado instalacion electrica | que hacer si hay un cortocircuito en casa,,
backlog,fontaneria,fontaneria,P3-low,60.3,tuberias:cuando-cambiar-tuberias-casa,cuando-cambiar-tuberias-casa,¿Cuando Cambiar Tuberias Casa?,cuando cambiar tuberias casa,10,10,3,/fontanero/sustitucion-tuberias,short-700-1100-words-if-useful,,cuando cambiar tuberias casa | como saber si las tuberias estan mal | cuando cambiar tuberias de casa,,
backlog,aire-acondicionado,climatizacion,P3-low,60.2,ruido-vibracion:ruido-agua-aire-acondicionado,aire-acondicionado-hace-ruido-de-agua,Aire Acondicionado Hace Ruido de Agua,aire acondicionado hace ruido de agua,10,10,1,/aire-acondicionado/reparacion-aire-acondicionado,short-700-1100-words-if-useful,,aire acondicionado hace ruido de agua,,
backlog,aire-acondicionado,climatizacion,P3-low,60.2,bomba-calor:bomba-de-calor-consume-mucho,bomba-de-calor-consume-mucho,Bomba de Calor Consume Mucho,bomba de calor consume mucho,10,10,1,/aire-acondicionado/bomba-calor,short-700-1100-words-if-useful,,bomba de calor consume mucho,,
backlog,calefaccion,calefaccion,P3-low,60.2,instalacion-calefaccion-coste:calefaccion-por-radiadores-como-funciona,calefaccion-por-radiadores-como-funciona,Calefaccion por Radiadores Como Funciona,calefaccion por radiadores como funciona,10,10,1,/calefaccion/instalacion-calefaccion,short-700-1100-words-if-useful,,calefaccion por radiadores como funciona,,
backlog,calefaccion,calefaccion,P3-low,60.2,calefaccion-central-comunidad:cuando-encienden-calefaccion-central,cuando-encienden-calefaccion-central,¿Cuando Encienden Calefaccion Central?,cuando encienden calefaccion central,10,10,1,/calefaccion/calefaccion-central-comunidades,short-700-1100-words-if-useful,,cuando encienden calefaccion central,,
backlog,calefaccion,calefaccion,P3-low,60.2,calefaccion-central-comunidad:radiadores-frios-calefaccion-central,radiadores-frios-calefaccion-central,Radiadores Frios Calefaccion Central,radiadores frios calefaccion central,10,10,1,/calefaccion/calefaccion-central-comunidades,short-700-1100-words-if-useful,,radiadores frios calefaccion central,,
backlog,calefaccion,calefaccion,P3-low,60.2,termostatos-valvulas:termostato-caldera-no-funciona,termostato-no-activa-caldera,Termostato No Activa Caldera,termostato no activa caldera,10,10,1,/calefaccion/termostatos-valvulas,short-700-1100-words-if-useful,gas-safety-review | electrical-safety-review,termostato no activa caldera,,
backlog,desatascos,desatascos,P3-low,60.2,tuberias-atascadas:por-que-se-atascan-tuberias,porque-se-atascan-las-tuberias,¿Porque Se Atascan las Tuberias?,porque se atascan las tuberias,10,10,2,/desatascos/desatasco-tuberias,short-700-1100-words-if-useful,,porque se atascan las tuberias | por que se atascan las tuberias,,
backlog,electricista,electricidad,P3-low,60.2,revision-electrica:revision-electrica-vivienda,como-revisar-la-instalacion-electrica-de-mi-casa,¿Como Revisar la Instalacion Electrica de Mi Casa?,como revisar la instalacion electrica de mi casa,10,10,1,/electricista/revision-electrica,short-700-1100-words-if-useful,,como revisar la instalacion electrica de mi casa,,
backlog,electricista,electricidad,P3-low,60.2,cuadros-electricos:cuadro-electrico-antiguo,cuadro-electrico-huele-a-quemado,Cuadro Electrico Huele a Quemado,cuadro electrico huele a quemado,10,10,1,/electricista/cuadros-electricos,short-700-1100-words-if-useful,,cuadro electrico huele a quemado,,
backlog,electricista,electricidad,P3-low,60.2,boletin-electrico:que-es-boletin-electrico,cuando-hace-falta-boletin-electrico,¿Cuando Hace Falta Boletin Electrico?,cuando hace falta boletin electrico,10,10,1,/electricista,short-700-1100-words-if-useful,compliance-review,cuando hace falta boletin electrico,,
backlog,electricista,electricidad,P3-low,60.2,instalaciones-electricas:precio-instalacion-electrica,precio-instalacion-completa-de-electricidad-de-una-vivienda,Precio Instalacion Completa de Electricidad de una Vivienda,precio instalacion completa de electricidad de una vivienda,10,10,1,/electricista/instalaciones-electricas,short-700-1100-words-if-useful,price-intent,precio instalacion completa de electricidad de una vivienda,,
backlog,fontaneria,fontaneria,P3-low,60.2,presion-agua:poca-presion-agua-causas,por-que-hay-poca-presion-de-agua,¿Por que Hay Poca Presion de Agua?,por que hay poca presion de agua,10,10,1,/fontanero/grupos-presion-agua,short-700-1100-words-if-useful,,por que hay poca presion de agua,,
backlog,fontaneria,fontaneria,P3-low,60.2,bajantes:bajante-comunitaria-huele-mal,precio-cambiar-bajante-comunitaria,Precio Cambiar Bajante Comunitaria,precio cambiar bajante comunitaria,10,10,2,/fontanero/bajantes,short-700-1100-words-if-useful,price-intent,precio cambiar bajante comunitaria | bajante comunitaria huele mal,,
backlog,fontaneria,fontaneria,P3-low,60.2,termos-calentadores:termo-electrico-pierde-agua,termo-fleck-50-litros-pierde-agua,Termo Fleck 50 Litros Pierde Agua,termo fleck 50 litros pierde agua,10,10,2,/fontanero/calentadores-termos,short-700-1100-words-if-useful,brand-specific,termo fleck 50 litros pierde agua | porque el termo electrico pierde agua,,
backlog,desatascos,desatascos,P2-medium,14.8,lavabo-ducha-atascados:como-desatascar-banera,como-desatascar-una-banera,¿Como Desatascar una Banera?,como desatascar una banera,0,0,9,/desatascos/desatascar-lavabo-ducha,standard-900-1400-words,,como desatascar una banera | como desatascar la banera de pelos | como desatascar banera de pelos | como desatascar desague banera | como desatascar tuberias de la banera | como destapar la tuberia de la banera | como destapar tuberia de banera | como destapar tuberia de la banera | como limpiar la tuberia de la banera,,
backlog,fontaneria,fontaneria,P2-medium,14.5,bano-ducha-lavabo:cambiar-banera-por-ducha-precio,cambio-de-banera-por-ducha-precio,Cambio de Banera por Ducha Precio,cambio de banera por ducha precio,0,0,4,/fontanero/cambio-banera-por-ducha,standard-900-1400-words,price-intent | diy-or-commercial-review,cambio de banera por ducha precio | banera por ducha precio | cambiar la banera por ducha precio | precio cambiar banera por ducha,,
backlog,fontaneria,fontaneria,P3-low,14.5,mantenimiento-fontaneria:mantenimiento-fontaneria-vivienda,cuando-revisar-instalacion-fontaneria,¿Cuando Revisar Instalacion Fontaneria?,cuando revisar instalacion fontaneria,0,0,4,/fontanero/mantenimiento,short-700-1100-words-if-useful,,cuando revisar instalacion fontaneria | mantenimiento fontaneria comunidad | mantenimiento fontaneria vivienda | mantenimiento preventivo fontaneria,,
backlog,limpieza-tuberias,saneamiento,P3-low,14.5,comunidades-saneamiento:mantenimiento-saneamiento-comunidad,limpieza-red-saneamiento-comunidad,Limpieza Red Saneamiento Comunidad,limpieza red saneamiento comunidad,0,0,4,/limpieza-tuberias/limpieza-tuberias-comunidades,short-700-1100-words-if-useful,,limpieza red saneamiento comunidad | mantenimiento saneamiento comunidad | mantenimiento tuberias comunidad | plan mantenimiento saneamiento comunidad,,
backlog,calefaccion,calefaccion,P3-low,14.4,suelo-radiante:suelo-radiante-consumo,aerotermia-suelo-radiante-consumo,Aerotermia Suelo Radiante Consumo,aerotermia suelo radiante consumo,0,0,2,/calefaccion/suelo-radiante,short-700-1100-words-if-useful,,aerotermia suelo radiante consumo | suelo radiante consume mucho,,
backlog,desatascos,desatascos,P3-low,14.4,arquetas-bajantes:arqueta-atascada,arqueta-atascada-que-hacer,Arqueta Atascada que Hacer,arqueta atascada que hacer,0,0,2,/desatascos/desatasco-tuberias,short-700-1100-words-if-useful,,arqueta atascada que hacer | como saber si una arqueta esta atascada,,
backlog,desatascos,desatascos,P3-low,14.4,camara-diagnostico:raices-o-tuberia-rota,raices-en-tuberias-sintomas,Raices en Tuberias Sintomas,raices en tuberias sintomas,0,0,2,/desatascos/desatasco-tuberias,short-700-1100-words-if-useful,,raices en tuberias sintomas | tuberia rota o atascada,,
backlog,electricista,electricidad,P3-low,14.4,mantenimiento-electrico:mantenimiento-electrico-comunidad,contrato-mantenimiento-electrico-comunidad,Contrato Mantenimiento Electrico Comunidad,contrato mantenimiento electrico comunidad,0,0,2,/electricista/mantenimiento-electrico,short-700-1100-words-if-useful,,contrato mantenimiento electrico comunidad | mantenimiento electrico comunidad,,
backlog,fontaneria,fontaneria,P3-low,14.4,instalaciones-fontaneria:instalacion-fontaneria-bano,como-hacer-instalacion-fontaneria-bano,¿Como Hacer Instalacion Fontaneria Bano?,como hacer instalacion fontaneria bano,0,0,2,/fontanero/instalaciones,short-700-1100-words-if-useful,price-intent,como hacer instalacion fontaneria bano | cuanto cuesta instalacion fontaneria bano,,
backlog,fontaneria,fontaneria,P3-low,14.4,mamparas-ducha:mampara-ducha-no-cierra-o-pierde-agua,mampara-ducha-no-cierra-bien,Mampara Ducha No Cierra Bien,mampara ducha no cierra bien,0,0,2,/fontanero/mamparas-ducha,short-700-1100-words-if-useful,,mampara ducha no cierra bien | mampara ducha pierde agua,,
backlog,limpieza-tuberias,saneamiento,P3-low,14.4,arquetas-colectores-olores:mal-olor-arquetas-comunidad,arqueta-huele-mal,Arqueta Huele Mal,arqueta huele mal,0,0,2,/limpieza-tuberias/limpieza-arquetas-colectores,short-700-1100-words-if-useful,,arqueta huele mal | mal olor arquetas comunidad,,
backlog,limpieza-tuberias,saneamiento,P3-low,14.4,mantenimiento-preventivo:cada-cuanto-limpiar-tuberias,cada-cuanto-limpiar-tuberias,Cada Cuanto Limpiar Tuberias,cada cuanto limpiar tuberias,0,0,2,/limpieza-tuberias,short-700-1100-words-if-useful,,cada cuanto limpiar tuberias | cuando limpiar tuberias,,
backlog,limpieza-tuberias,saneamiento,P3-low,14.4,alta-presion-hidrocurado:que-es-hidrocurado,hidrocurado-tuberias-que-es,Hidrocurado Tuberias que Es,hidrocurado tuberias que es,0,0,2,/limpieza-tuberias/limpieza-alta-presion-camion-cuba,short-700-1100-words-if-useful,,hidrocurado tuberias que es | que es hidrocurado,,
backlog,limpieza-tuberias,saneamiento,P3-low,14.4,camara-inspeccion:informe-camara-tuberias,informe-camara-tuberias,Informe Camara Tuberias,informe camara tuberias,0,0,2,/limpieza-tuberias/inspeccion-camara-tuberias,short-700-1100-words-if-useful,,informe camara tuberias | videoinspeccion tuberias que es,,
backlog,aire-acondicionado,climatizacion,P3-low,14.3,preinstalacion-cassette:aire-acondicionado-cassette-que-es,aire-acondicionado-cassette-que-es,Aire Acondicionado Cassette que Es,aire acondicionado cassette que es,0,0,1,/aire-acondicionado/preinstalacion-aire-acondicionado,short-700-1100-words-if-useful,,aire acondicionado cassette que es,,
backlog,calefaccion,calefaccion,P3-low,14.3,calefaccion-central-comunidad:calefaccion-central-comunidad-vecinos,calefaccion-central-comunidad-vecinos,Calefaccion Central Comunidad Vecinos,calefaccion central comunidad vecinos,0,0,1,/calefaccion/calefaccion-central-comunidades,short-700-1100-words-if-useful,,calefaccion central comunidad vecinos,,
backlog,calefaccion,calefaccion,P3-low,14.3,ahorro-uso-calefaccion:calefaccion-no-calienta-suficiente,calefaccion-no-calienta-suficiente,Calefaccion No Calienta Suficiente,calefaccion no calienta suficiente,0,0,1,/calefaccion,short-700-1100-words-if-useful,,calefaccion no calienta suficiente,,
backlog,calefaccion,calefaccion,P3-low,14.3,mantenimiento-revision-caldera:que-incluye-mantenimiento-caldera,que-incluye-mantenimiento-caldera,Que Incluye Mantenimiento Caldera,que incluye mantenimiento caldera,0,0,1,/calefaccion/mantenimiento-calderas,short-700-1100-words-if-useful,gas-safety-review,que incluye mantenimiento caldera,,
backlog,calefaccion,calefaccion,P3-low,14.3,suelo-radiante:suelo-radiante-como-funciona,suelo-radiante-agua-como-funciona,Suelo Radiante Agua Como Funciona,suelo radiante agua como funciona,0,0,1,/calefaccion/suelo-radiante,short-700-1100-words-if-useful,,suelo radiante agua como funciona,,
backlog,calefaccion,calefaccion,P3-low,14.3,suelo-radiante:suelo-radiante-o-radiadores,suelo-radiante-o-radiadores-que-es-mejor,Suelo Radiante o Radiadores que Es Mejor,suelo radiante o radiadores que es mejor,0,0,1,/calefaccion/suelo-radiante,short-700-1100-words-if-useful,,suelo radiante o radiadores que es mejor,,
backlog,calefaccion,calefaccion,P3-low,14.3,suelo-radiante:suelo-radiante-ventajas-inconvenientes,suelo-radiante-ventajas-inconvenientes,Suelo Radiante Ventajas Inconvenientes,suelo radiante ventajas inconvenientes,0,0,1,/calefaccion/suelo-radiante,short-700-1100-words-if-useful,,suelo radiante ventajas inconvenientes,,
backlog,desatascos,desatascos,P3-low,14.3,arquetas-bajantes:limpieza-arquetas,cada-cuanto-limpiar-arquetas,Cada Cuanto Limpiar Arquetas,cada cuanto limpiar arquetas,0,0,1,/desatascos/desatasco-tuberias,short-700-1100-words-if-useful,,cada cuanto limpiar arquetas,,
backlog,desatascos,desatascos,P3-low,14.3,camion-cuba:cuando-hace-falta-camion-cuba,cuando-hace-falta-camion-cuba,¿Cuando Hace Falta Camion Cuba?,cuando hace falta camion cuba,0,0,1,/desatascos/camion-cuba,short-700-1100-words-if-useful,,cuando hace falta camion cuba,,
backlog,electricista,electricidad,P3-low,14.3,cargador-coche-electrico:cargador-coche-no-carga,cargador-coche-electrico-no-carga,Cargador Coche Electrico No Carga,cargador coche electrico no carga,0,0,1,/electricista/cargador-coche-electrico,short-700-1100-words-if-useful,,cargador coche electrico no carga,,
backlog,electricista,electricidad,P3-low,14.3,mantenimiento-electrico:checklist-mantenimiento-electrico,checklist-mantenimiento-electrico,Checklist Mantenimiento Electrico,checklist mantenimiento electrico,0,0,1,/electricista/mantenimiento-electrico,short-700-1100-words-if-useful,,checklist mantenimiento electrico,,
backlog,electricista,electricidad,P3-low,14.3,averias-electricas:detectar-fallo-electrico,como-detectar-fallo-electrico,¿Como Detectar Fallo Electrico?,como detectar fallo electrico,0,0,1,/electricista/reparacion-averias-electricas,short-700-1100-words-if-useful,,como detectar fallo electrico,,
backlog,electricista,electricidad,P3-low,14.3,cargador-coche-electrico:wallbox-garaje-comunitario,como-instalar-wallbox-en-garaje-comunitario,¿Como Instalar Wallbox en Garaje Comunitario?,como instalar wallbox en garaje comunitario,0,0,1,/electricista/cargador-coche-electrico,short-700-1100-words-if-useful,brand-specific,como instalar wallbox en garaje comunitario,,
backlog,electricista,electricidad,P3-low,14.3,cuadros-electricos:diferencial-y-protecciones,diferencial-salta-causas,Diferencial Salta Causas,diferencial salta causas,0,0,1,/electricista/cuadros-electricos,short-700-1100-words-if-useful,,diferencial salta causas,,
backlog,electricista,electricidad,P3-low,14.3,mantenimiento-electrico:mantenimiento-electrico-vivienda,mantenimiento-electrico-vivienda,Mantenimiento Electrico Vivienda,mantenimiento electrico vivienda,0,0,1,/electricista/mantenimiento-electrico,short-700-1100-words-if-useful,,mantenimiento electrico vivienda,,
backlog,electricista,electricidad,P3-low,14.3,cargador-coche-electrico:potencia-cargar-coche-electrico,que-potencia-necesito-para-cargar-coche-electrico,Que Potencia Necesito para Cargar Coche Electrico,que potencia necesito para cargar coche electrico,0,0,1,/electricista/cargador-coche-electrico,short-700-1100-words-if-useful,,que potencia necesito para cargar coche electrico,,
backlog,electricista,electricidad,P3-low,14.3,domotica:sistema-domotico-no-funciona,sistema-domotico-no-funciona,Sistema Domotico No Funciona,sistema domotico no funciona,0,0,1,/electricista/domotica,short-700-1100-words-if-useful,,sistema domotico no funciona,,
backlog,electricista,electricidad,P3-low,14.3,iluminacion-led:transformador-led-no-funciona,transformador-led-no-funciona,Transformador Led No Funciona,transformador led no funciona,0,0,1,/electricista/iluminacion-led,short-700-1100-words-if-useful,,transformador led no funciona,,
backlog,fontaneria,fontaneria,P3-low,14.3,bajantes:bajante-rota-o-con-fuga,como-saber-si-una-bajante-esta-rota,¿Como Saber si una Bajante Esta Rota?,como saber si una bajante esta rota,0,0,1,/fontanero/bajantes,short-700-1100-words-if-useful,,como saber si una bajante esta rota,,
backlog,fontaneria,fontaneria,P3-low,14.3,lavabos:lavabo-gotea-o-no-desagua,lavabo-gotea-por-debajo,Lavabo Gotea por Debajo,lavabo gotea por debajo,0,0,1,/fontanero/instalacion-lavabos,short-700-1100-words-if-useful,,lavabo gotea por debajo,,
backlog,limpieza-tuberias,saneamiento,P3-low,14.3,arquetas-colectores-olores:arquetas-con-lodos,arquetas-con-lodos,Arquetas con Lodos,arquetas con lodos,0,0,1,/limpieza-tuberias/limpieza-arquetas-colectores,short-700-1100-words-if-useful,sanitation-review,arquetas con lodos,,
backlog,limpieza-tuberias,saneamiento,P3-low,14.3,bajantes-comunidad:bajante-comunidad-atascada,bajante-comunidad-atascada,Bajante Comunidad Atascada,bajante comunidad atascada,0,0,1,/limpieza-tuberias/limpieza-bajantes,short-700-1100-words-if-useful,,bajante comunidad atascada,,
backlog,limpieza-tuberias,saneamiento,P3-low,14.3,mantenimiento-preventivo:prevenir-atascos-tuberias,como-prevenir-atascos-tuberias,¿Como Prevenir Atascos Tuberias?,como prevenir atascos tuberias,0,0,1,/limpieza-tuberias,short-700-1100-words-if-useful,,como prevenir atascos tuberias,,
backlog,limpieza-tuberias,saneamiento,P3-low,14.3,camara-inspeccion:cuando-usar-camara-tuberias,cuando-usar-camara-tuberias,¿Cuando Usar Camara Tuberias?,cuando usar camara tuberias,0,0,1,/limpieza-tuberias/inspeccion-camara-tuberias,short-700-1100-words-if-useful,,cuando usar camara tuberias,,
backlog,limpieza-tuberias,saneamiento,P3-low,14.3,alta-presion-hidrocurado:cuando-usar-camion-cuba,cuando-usar-camion-cuba,¿Cuando Usar Camion Cuba?,cuando usar camion cuba,0,0,1,/limpieza-tuberias/limpieza-alta-presion-camion-cuba,short-700-1100-words-if-useful,,cuando usar camion cuba,,
backlog,limpieza-tuberias,saneamiento,P3-low,14.3,hosteleria-grasas:mal-olor-tuberias-restaurante,mal-olor-tuberias-restaurante,Mal Olor Tuberias Restaurante,mal olor tuberias restaurante,0,0,1,/limpieza-tuberias/limpieza-tuberias-empresas,short-700-1100-words-if-useful,,mal olor tuberias restaurante,,
backlog,limpieza-tuberias,saneamiento,P3-low,14.3,mantenimiento-preventivo:mantenimiento-preventivo-saneamiento,mantenimiento-preventivo-saneamiento,Mantenimiento Preventivo Saneamiento,mantenimiento preventivo saneamiento,0,0,1,/limpieza-tuberias,short-700-1100-words-if-useful,,mantenimiento preventivo saneamiento,,
backlog,limpieza-tuberias,saneamiento,P3-low,14.3,alta-presion-hidrocurado:limpieza-tuberias-alta-presion,precio-hidrocurado-tuberias,Precio Hidrocurado Tuberias,precio hidrocurado tuberias,0,0,1,/limpieza-tuberias/limpieza-alta-presion-camion-cuba,short-700-1100-words-if-useful,price-intent,precio hidrocurado tuberias,,
backlog,limpieza-tuberias,saneamiento,P3-low,14.3,camara-inspeccion:precio-inspeccion-camara,precio-inspeccion-tuberias-camara,Precio Inspeccion Tuberias Camara,precio inspeccion tuberias camara,0,0,1,/limpieza-tuberias/inspeccion-camara-tuberias,short-700-1100-words-if-useful,price-intent,precio inspeccion tuberias camara,,
backlog,limpieza-tuberias,saneamiento,P3-low,14.3,hosteleria-grasas:limpieza-tuberias-restaurante,tuberias-cocina-industrial-grasa,Tuberias Cocina Industrial Grasa,tuberias cocina industrial grasa,0,0,1,/limpieza-tuberias/limpieza-tuberias-empresas,short-700-1100-words-if-useful,,tuberias cocina industrial grasa,,
